variant,block_label,repetition,block,stage,seconds
sync,fp16,1,0,read,0.449967700
sync,fp16,1,1,read,0.603729100
sync,fp16,1,2,read,0.237175100
sync,fp16,1,3,read,0.577905100
sync,fp16,1,0,stage_copy,0.023211700
sync,fp16,1,1,stage_copy,0.020541800
sync,fp16,1,2,stage_copy,0.020553500
sync,fp16,1,3,stage_copy,0.021757700
sync,fp16,1,0,h2d,0.014995968
sync,fp16,1,1,h2d,0.014901184
sync,fp16,1,2,h2d,0.014925920
sync,fp16,1,3,h2d,0.014988832
sync,fp16,1,0,compute,0.101489281
sync,fp16,1,1,compute,0.013894176
sync,fp16,1,2,compute,0.013258016
sync,fp16,1,3,compute,0.012810784
sync,fp16,1,0,read,0.475554700
sync,fp16,1,1,read,0.596998000
sync,fp16,1,2,read,0.273649200
sync,fp16,1,3,read,0.597573900
sync,fp16,1,4,read,0.174705700
sync,fp16,1,5,read,0.592324400
sync,fp16,1,0,stage_copy,0.024641700
sync,fp16,1,1,stage_copy,0.021992800
sync,fp16,1,2,stage_copy,0.021294800
sync,fp16,1,3,stage_copy,0.022049300
sync,fp16,1,4,stage_copy,0.022172200
sync,fp16,1,5,stage_copy,0.022013000
sync,fp16,1,0,h2d,0.015114336
sync,fp16,1,1,h2d,0.015135776
sync,fp16,1,2,h2d,0.014972160
sync,fp16,1,3,h2d,0.014951808
sync,fp16,1,4,h2d,0.014939552
sync,fp16,1,5,h2d,0.015066016
sync,fp16,1,0,compute,0.101788254
sync,fp16,1,1,compute,0.014120320
sync,fp16,1,2,compute,0.013265248
sync,fp16,1,3,compute,0.013764192
sync,fp16,1,4,compute,0.013309696
sync,fp16,1,5,compute,0.014484992
double_buffer,fp16,1,0,read,0.459375400
double_buffer,fp16,1,1,read,0.591334800
double_buffer,fp16,1,2,read,0.270136800
double_buffer,fp16,1,3,read,0.580358100
double_buffer,fp16,1,4,read,0.173951700
double_buffer,fp16,1,5,read,0.583764500
double_buffer,fp16,1,0,stage_copy,0.020877300
double_buffer,fp16,1,1,stage_copy,0.021320500
double_buffer,fp16,1,2,stage_copy,0.020570200
double_buffer,fp16,1,3,stage_copy,0.022349000
double_buffer,fp16,1,4,stage_copy,0.023794500
double_buffer,fp16,1,5,stage_copy,0.021798100
double_buffer,fp16,1,0,h2d,0.015362816
double_buffer,fp16,1,1,h2d,0.015182880
double_buffer,fp16,1,2,h2d,0.015266080
double_buffer,fp16,1,3,h2d,0.015554016
double_buffer,fp16,1,4,h2d,0.015266624
double_buffer,fp16,1,5,h2d,0.014924544
double_buffer,fp16,1,0,compute,0.015100928
double_buffer,fp16,1,1,compute,0.016379904
double_buffer,fp16,1,2,compute,0.017429504
double_buffer,fp16,1,3,compute,0.015273984
double_buffer,fp16,1,4,compute,0.015249408
double_buffer,fp16,1,5,compute,0.013405184
three_stage,fp16,1,0,read,0.453274900
three_stage,fp16,1,1,read,0.598382300
three_stage,fp16,1,2,read,0.263332100
three_stage,fp16,1,3,read,0.584558800
three_stage,fp16,1,4,read,0.163794800
three_stage,fp16,1,5,read,0.587939600
three_stage,fp16,1,0,stage_copy,0.022766300
three_stage,fp16,1,1,stage_copy,0.023425000
three_stage,fp16,1,2,stage_copy,0.022791900
three_stage,fp16,1,3,stage_copy,0.022005800
three_stage,fp16,1,4,stage_copy,0.023267200
three_stage,fp16,1,5,stage_copy,0.021042900
three_stage,fp16,1,0,h2d,0.017280289
three_stage,fp16,1,1,h2d,0.017486015
three_stage,fp16,1,2,h2d,0.017416191
three_stage,fp16,1,3,h2d,0.017587296
three_stage,fp16,1,4,h2d,0.017486080
three_stage,fp16,1,5,h2d,0.017460032
three_stage,fp16,1,0,compute,0.028845057
three_stage,fp16,1,1,compute,0.029122561
three_stage,fp16,1,2,compute,0.029997055
three_stage,fp16,1,3,compute,0.028747776
three_stage,fp16,1,4,compute,0.031804417
three_stage,fp16,1,5,compute,0.028849152
sync,fp16;blocks=36;matmul=4096,1,0,read,0.445625200
sync,fp16;blocks=36;matmul=4096,1,1,read,0.589244800
sync,fp16;blocks=36;matmul=4096,1,2,read,0.261570200
sync,fp16;blocks=36;matmul=4096,1,3,read,0.577623200
sync,fp16;blocks=36;matmul=4096,1,4,read,0.150963400
sync,fp16;blocks=36;matmul=4096,1,5,read,0.609011400
sync,fp16;blocks=36;matmul=4096,1,6,read,0.262101400
sync,fp16;blocks=36;matmul=4096,1,7,read,0.576173200
sync,fp16;blocks=36;matmul=4096,1,8,read,0.163025200
sync,fp16;blocks=36;matmul=4096,1,9,read,0.614497100
sync,fp16;blocks=36;matmul=4096,1,10,read,0.261499200
sync,fp16;blocks=36;matmul=4096,1,11,read,0.575665600
sync,fp16;blocks=36;matmul=4096,1,12,read,0.272679200
sync,fp16;blocks=36;matmul=4096,1,13,read,0.615070100
sync,fp16;blocks=36;matmul=4096,1,14,read,0.255002600
sync,fp16;blocks=36;matmul=4096,1,15,read,0.572003000
sync,fp16;blocks=36;matmul=4096,1,16,read,0.509741100
sync,fp16;blocks=36;matmul=4096,1,17,read,0.616159600
sync,fp16;blocks=36;matmul=4096,1,18,read,0.264272200
sync,fp16;blocks=36;matmul=4096,1,19,read,0.563113000
sync,fp16;blocks=36;matmul=4096,1,20,read,0.152210700
sync,fp16;blocks=36;matmul=4096,1,21,read,0.607033600
sync,fp16;blocks=36;matmul=4096,1,22,read,0.260203300
sync,fp16;blocks=36;matmul=4096,1,23,read,0.567183600
sync,fp16;blocks=36;matmul=4096,1,24,read,0.170522100
sync,fp16;blocks=36;matmul=4096,1,25,read,0.606515600
sync,fp16;blocks=36;matmul=4096,1,26,read,0.259807500
sync,fp16;blocks=36;matmul=4096,1,27,read,0.582937500
sync,fp16;blocks=36;matmul=4096,1,28,read,0.523874200
sync,fp16;blocks=36;matmul=4096,1,29,read,0.418240600
sync,fp16;blocks=36;matmul=4096,1,30,read,0.502018400
sync,fp16;blocks=36;matmul=4096,1,31,read,0.593876000
sync,fp16;blocks=36;matmul=4096,1,32,read,0.422500100
sync,fp16;blocks=36;matmul=4096,1,33,read,0.505988500
sync,fp16;blocks=36;matmul=4096,1,34,read,0.470395800
sync,fp16;blocks=36;matmul=4096,1,35,read,0.359835000
sync,fp16;blocks=36;matmul=4096,1,0,stage_copy,0.026192900
sync,fp16;blocks=36;matmul=4096,1,1,stage_copy,0.025617500
sync,fp16;blocks=36;matmul=4096,1,2,stage_copy,0.023257500
sync,fp16;blocks=36;matmul=4096,1,3,stage_copy,0.026232300
sync,fp16;blocks=36;matmul=4096,1,4,stage_copy,0.023899900
sync,fp16;blocks=36;matmul=4096,1,5,stage_copy,0.022317300
sync,fp16;blocks=36;matmul=4096,1,6,stage_copy,0.022613800
sync,fp16;blocks=36;matmul=4096,1,7,stage_copy,0.021602900
sync,fp16;blocks=36;matmul=4096,1,8,stage_copy,0.023061200
sync,fp16;blocks=36;matmul=4096,1,9,stage_copy,0.022482800
sync,fp16;blocks=36;matmul=4096,1,10,stage_copy,0.024939500
sync,fp16;blocks=36;matmul=4096,1,11,stage_copy,0.020963100
sync,fp16;blocks=36;matmul=4096,1,12,stage_copy,0.021118100
sync,fp16;blocks=36;matmul=4096,1,13,stage_copy,0.020755600
sync,fp16;blocks=36;matmul=4096,1,14,stage_copy,0.020636000
sync,fp16;blocks=36;matmul=4096,1,15,stage_copy,0.020950300
sync,fp16;blocks=36;matmul=4096,1,16,stage_copy,0.021091700
sync,fp16;blocks=36;matmul=4096,1,17,stage_copy,0.021207300
sync,fp16;blocks=36;matmul=4096,1,18,stage_copy,0.021079300
sync,fp16;blocks=36;matmul=4096,1,19,stage_copy,0.020967200
sync,fp16;blocks=36;matmul=4096,1,20,stage_copy,0.021157900
sync,fp16;blocks=36;matmul=4096,1,21,stage_copy,0.021191700
sync,fp16;blocks=36;matmul=4096,1,22,stage_copy,0.022017700
sync,fp16;blocks=36;matmul=4096,1,23,stage_copy,0.020947800
sync,fp16;blocks=36;matmul=4096,1,24,stage_copy,0.021359100
sync,fp16;blocks=36;matmul=4096,1,25,stage_copy,0.024328200
sync,fp16;blocks=36;matmul=4096,1,26,stage_copy,0.020928400
sync,fp16;blocks=36;matmul=4096,1,27,stage_copy,0.020589600
sync,fp16;blocks=36;matmul=4096,1,28,stage_copy,0.020911400
sync,fp16;blocks=36;matmul=4096,1,29,stage_copy,0.021468800
sync,fp16;blocks=36;matmul=4096,1,30,stage_copy,0.020631700
sync,fp16;blocks=36;matmul=4096,1,31,stage_copy,0.020767300
sync,fp16;blocks=36;matmul=4096,1,32,stage_copy,0.020957300
sync,fp16;blocks=36;matmul=4096,1,33,stage_copy,0.020054900
sync,fp16;blocks=36;matmul=4096,1,34,stage_copy,0.020694100
sync,fp16;blocks=36;matmul=4096,1,35,stage_copy,0.021265700
sync,fp16;blocks=36;matmul=4096,1,0,h2d,0.014965664
sync,fp16;blocks=36;matmul=4096,1,1,h2d,0.015061344
sync,fp16;blocks=36;matmul=4096,1,2,h2d,0.015291392
sync,fp16;blocks=36;matmul=4096,1,3,h2d,0.015216512
sync,fp16;blocks=36;matmul=4096,1,4,h2d,0.015090784
sync,fp16;blocks=36;matmul=4096,1,5,h2d,0.014955200
sync,fp16;blocks=36;matmul=4096,1,6,h2d,0.015048992
sync,fp16;blocks=36;matmul=4096,1,7,h2d,0.014983808
sync,fp16;blocks=36;matmul=4096,1,8,h2d,0.014938176
sync,fp16;blocks=36;matmul=4096,1,9,h2d,0.014966720
sync,fp16;blocks=36;matmul=4096,1,10,h2d,0.014958592
sync,fp16;blocks=36;matmul=4096,1,11,h2d,0.015104576
sync,fp16;blocks=36;matmul=4096,1,12,h2d,0.015540608
sync,fp16;blocks=36;matmul=4096,1,13,h2d,0.017337440
sync,fp16;blocks=36;matmul=4096,1,14,h2d,0.017448608
sync,fp16;blocks=36;matmul=4096,1,15,h2d,0.017308128
sync,fp16;blocks=36;matmul=4096,1,16,h2d,0.017325504
sync,fp16;blocks=36;matmul=4096,1,17,h2d,0.017393185
sync,fp16;blocks=36;matmul=4096,1,18,h2d,0.017272448
sync,fp16;blocks=36;matmul=4096,1,19,h2d,0.017341824
sync,fp16;blocks=36;matmul=4096,1,20,h2d,0.017279776
sync,fp16;blocks=36;matmul=4096,1,21,h2d,0.017272448
sync,fp16;blocks=36;matmul=4096,1,22,h2d,0.017393696
sync,fp16;blocks=36;matmul=4096,1,23,h2d,0.017261215
sync,fp16;blocks=36;matmul=4096,1,24,h2d,0.017406303
sync,fp16;blocks=36;matmul=4096,1,25,h2d,0.017338783
sync,fp16;blocks=36;matmul=4096,1,26,h2d,0.017327936
sync,fp16;blocks=36;matmul=4096,1,27,h2d,0.017301632
sync,fp16;blocks=36;matmul=4096,1,28,h2d,0.017379776
sync,fp16;blocks=36;matmul=4096,1,29,h2d,0.017433344
sync,fp16;blocks=36;matmul=4096,1,30,h2d,0.017318657
sync,fp16;blocks=36;matmul=4096,1,31,h2d,0.057819233
sync,fp16;blocks=36;matmul=4096,1,32,h2d,0.014962592
sync,fp16;blocks=36;matmul=4096,1,33,h2d,0.014929184
sync,fp16;blocks=36;matmul=4096,1,34,h2d,0.014930976
sync,fp16;blocks=36;matmul=4096,1,35,h2d,0.014945792
sync,fp16;blocks=36;matmul=4096,1,0,compute,0.098938240
sync,fp16;blocks=36;matmul=4096,1,1,compute,0.018637217
sync,fp16;blocks=36;matmul=4096,1,2,compute,0.016756639
sync,fp16;blocks=36;matmul=4096,1,3,compute,0.018598848
sync,fp16;blocks=36;matmul=4096,1,4,compute,0.017758593
sync,fp16;blocks=36;matmul=4096,1,5,compute,0.017472351
sync,fp16;blocks=36;matmul=4096,1,6,compute,0.016543200
sync,fp16;blocks=36;matmul=4096,1,7,compute,0.018319904
sync,fp16;blocks=36;matmul=4096,1,8,compute,0.017656096
sync,fp16;blocks=36;matmul=4096,1,9,compute,0.018576736
sync,fp16;blocks=36;matmul=4096,1,10,compute,0.017631489
sync,fp16;blocks=36;matmul=4096,1,11,compute,0.033786465
sync,fp16;blocks=36;matmul=4096,1,12,compute,0.035223518
sync,fp16;blocks=36;matmul=4096,1,13,compute,0.035574112
sync,fp16;blocks=36;matmul=4096,1,14,compute,0.034962399
sync,fp16;blocks=36;matmul=4096,1,15,compute,0.038027840
sync,fp16;blocks=36;matmul=4096,1,16,compute,0.039595905
sync,fp16;blocks=36;matmul=4096,1,17,compute,0.041652962
sync,fp16;blocks=36;matmul=4096,1,18,compute,0.043473793
sync,fp16;blocks=36;matmul=4096,1,19,compute,0.044099007
sync,fp16;blocks=36;matmul=4096,1,20,compute,0.042691551
sync,fp16;blocks=36;matmul=4096,1,21,compute,0.044686657
sync,fp16;blocks=36;matmul=4096,1,22,compute,0.041862465
sync,fp16;blocks=36;matmul=4096,1,23,compute,0.042492607
sync,fp16;blocks=36;matmul=4096,1,24,compute,0.045395359
sync,fp16;blocks=36;matmul=4096,1,25,compute,0.044766209
sync,fp16;blocks=36;matmul=4096,1,26,compute,0.039581440
sync,fp16;blocks=36;matmul=4096,1,27,compute,0.041951454
sync,fp16;blocks=36;matmul=4096,1,28,compute,0.042925983
sync,fp16;blocks=36;matmul=4096,1,29,compute,0.044236961
sync,fp16;blocks=36;matmul=4096,1,30,compute,0.044627296
sync,fp16;blocks=36;matmul=4096,1,31,compute,0.258845673
sync,fp16;blocks=36;matmul=4096,1,32,compute,0.018682367
sync,fp16;blocks=36;matmul=4096,1,33,compute,0.017671520
sync,fp16;blocks=36;matmul=4096,1,34,compute,0.017859009
sync,fp16;blocks=36;matmul=4096,1,35,compute,0.033841408
sync,fp16;blocks=36;matmul=4096,2,0,read,0.418479700
sync,fp16;blocks=36;matmul=4096,2,1,read,0.588083000
sync,fp16;blocks=36;matmul=4096,2,2,read,0.268944000
sync,fp16;blocks=36;matmul=4096,2,3,read,0.563244700
sync,fp16;blocks=36;matmul=4096,2,4,read,0.143258700
sync,fp16;blocks=36;matmul=4096,2,5,read,0.601644900
sync,fp16;blocks=36;matmul=4096,2,6,read,0.256411700
sync,fp16;blocks=36;matmul=4096,2,7,read,0.559753100
sync,fp16;blocks=36;matmul=4096,2,8,read,0.149901000
sync,fp16;blocks=36;matmul=4096,2,9,read,0.606638500
sync,fp16;blocks=36;matmul=4096,2,10,read,0.262121500
sync,fp16;blocks=36;matmul=4096,2,11,read,0.566612200
sync,fp16;blocks=36;matmul=4096,2,12,read,0.271177200
sync,fp16;blocks=36;matmul=4096,2,13,read,0.640126500
sync,fp16;blocks=36;matmul=4096,2,14,read,0.263683200
sync,fp16;blocks=36;matmul=4096,2,15,read,0.574465800
sync,fp16;blocks=36;matmul=4096,2,16,read,0.502611500
sync,fp16;blocks=36;matmul=4096,2,17,read,0.621199800
sync,fp16;blocks=36;matmul=4096,2,18,read,0.258643700
sync,fp16;blocks=36;matmul=4096,2,19,read,0.600481000
sync,fp16;blocks=36;matmul=4096,2,20,read,0.148426300
sync,fp16;blocks=36;matmul=4096,2,21,read,0.611853700
sync,fp16;blocks=36;matmul=4096,2,22,read,0.263295000
sync,fp16;blocks=36;matmul=4096,2,23,read,0.576626500
sync,fp16;blocks=36;matmul=4096,2,24,read,0.146540700
sync,fp16;blocks=36;matmul=4096,2,25,read,0.611251700
sync,fp16;blocks=36;matmul=4096,2,26,read,0.266587800
sync,fp16;blocks=36;matmul=4096,2,27,read,0.580933500
sync,fp16;blocks=36;matmul=4096,2,28,read,0.526148400
sync,fp16;blocks=36;matmul=4096,2,29,read,0.400171100
sync,fp16;blocks=36;matmul=4096,2,30,read,0.503289400
sync,fp16;blocks=36;matmul=4096,2,31,read,0.583188100
sync,fp16;blocks=36;matmul=4096,2,32,read,0.468767200
sync,fp16;blocks=36;matmul=4096,2,33,read,0.516671900
sync,fp16;blocks=36;matmul=4096,2,34,read,0.439233900
sync,fp16;blocks=36;matmul=4096,2,35,read,0.351404800
sync,fp16;blocks=36;matmul=4096,2,0,stage_copy,0.020791300
sync,fp16;blocks=36;matmul=4096,2,1,stage_copy,0.021086600
sync,fp16;blocks=36;matmul=4096,2,2,stage_copy,0.021616800
sync,fp16;blocks=36;matmul=4096,2,3,stage_copy,0.021120900
sync,fp16;blocks=36;matmul=4096,2,4,stage_copy,0.020793500
sync,fp16;blocks=36;matmul=4096,2,5,stage_copy,0.024487500
sync,fp16;blocks=36;matmul=4096,2,6,stage_copy,0.021163800
sync,fp16;blocks=36;matmul=4096,2,7,stage_copy,0.023878500
sync,fp16;blocks=36;matmul=4096,2,8,stage_copy,0.021370000
sync,fp16;blocks=36;matmul=4096,2,9,stage_copy,0.020752200
sync,fp16;blocks=36;matmul=4096,2,10,stage_copy,0.020957700
sync,fp16;blocks=36;matmul=4096,2,11,stage_copy,0.020415500
sync,fp16;blocks=36;matmul=4096,2,12,stage_copy,0.021070100
sync,fp16;blocks=36;matmul=4096,2,13,stage_copy,0.021674400
sync,fp16;blocks=36;matmul=4096,2,14,stage_copy,0.020854500
sync,fp16;blocks=36;matmul=4096,2,15,stage_copy,0.021872000
sync,fp16;blocks=36;matmul=4096,2,16,stage_copy,0.023050400
sync,fp16;blocks=36;matmul=4096,2,17,stage_copy,0.021257800
sync,fp16;blocks=36;matmul=4096,2,18,stage_copy,0.021998000
sync,fp16;blocks=36;matmul=4096,2,19,stage_copy,0.025529600
sync,fp16;blocks=36;matmul=4096,2,20,stage_copy,0.021038700
sync,fp16;blocks=36;matmul=4096,2,21,stage_copy,0.020937600
sync,fp16;blocks=36;matmul=4096,2,22,stage_copy,0.022245400
sync,fp16;blocks=36;matmul=4096,2,23,stage_copy,0.021992000
sync,fp16;blocks=36;matmul=4096,2,24,stage_copy,0.022609800
sync,fp16;blocks=36;matmul=4096,2,25,stage_copy,0.021866600
sync,fp16;blocks=36;matmul=4096,2,26,stage_copy,0.020873400
sync,fp16;blocks=36;matmul=4096,2,27,stage_copy,0.022232600
sync,fp16;blocks=36;matmul=4096,2,28,stage_copy,0.021327700
sync,fp16;blocks=36;matmul=4096,2,29,stage_copy,0.020810500
sync,fp16;blocks=36;matmul=4096,2,30,stage_copy,0.021266400
sync,fp16;blocks=36;matmul=4096,2,31,stage_copy,0.021025800
sync,fp16;blocks=36;matmul=4096,2,32,stage_copy,0.020946800
sync,fp16;blocks=36;matmul=4096,2,33,stage_copy,0.022473300
sync,fp16;blocks=36;matmul=4096,2,34,stage_copy,0.023418400
sync,fp16;blocks=36;matmul=4096,2,35,stage_copy,0.021918700
sync,fp16;blocks=36;matmul=4096,2,0,h2d,0.016681889
sync,fp16;blocks=36;matmul=4096,2,1,h2d,0.017287296
sync,fp16;blocks=36;matmul=4096,2,2,h2d,0.017335520
sync,fp16;blocks=36;matmul=4096,2,3,h2d,0.017333536
sync,fp16;blocks=36;matmul=4096,2,4,h2d,0.017510401
sync,fp16;blocks=36;matmul=4096,2,5,h2d,0.017327393
sync,fp16;blocks=36;matmul=4096,2,6,h2d,0.017253759
sync,fp16;blocks=36;matmul=4096,2,7,h2d,0.017532160
sync,fp16;blocks=36;matmul=4096,2,8,h2d,0.017250656
sync,fp16;blocks=36;matmul=4096,2,9,h2d,0.017384577
sync,fp16;blocks=36;matmul=4096,2,10,h2d,0.017336609
sync,fp16;blocks=36;matmul=4096,2,11,h2d,0.017313087
sync,fp16;blocks=36;matmul=4096,2,12,h2d,0.017286848
sync,fp16;blocks=36;matmul=4096,2,13,h2d,0.017792671
sync,fp16;blocks=36;matmul=4096,2,14,h2d,0.017416576
sync,fp16;blocks=36;matmul=4096,2,15,h2d,0.017357023
sync,fp16;blocks=36;matmul=4096,2,16,h2d,0.017319456
sync,fp16;blocks=36;matmul=4096,2,17,h2d,0.017321632
sync,fp16;blocks=36;matmul=4096,2,18,h2d,0.057729568
sync,fp16;blocks=36;matmul=4096,2,19,h2d,0.014965216
sync,fp16;blocks=36;matmul=4096,2,20,h2d,0.014915808
sync,fp16;blocks=36;matmul=4096,2,21,h2d,0.014945024
sync,fp16;blocks=36;matmul=4096,2,22,h2d,0.014904896
sync,fp16;blocks=36;matmul=4096,2,23,h2d,0.016530016
sync,fp16;blocks=36;matmul=4096,2,24,h2d,0.016767008
sync,fp16;blocks=36;matmul=4096,2,25,h2d,0.017342785
sync,fp16;blocks=36;matmul=4096,2,26,h2d,0.017328159
sync,fp16;blocks=36;matmul=4096,2,27,h2d,0.017423201
sync,fp16;blocks=36;matmul=4096,2,28,h2d,0.017328608
sync,fp16;blocks=36;matmul=4096,2,29,h2d,0.017298113
sync,fp16;blocks=36;matmul=4096,2,30,h2d,0.017278015
sync,fp16;blocks=36;matmul=4096,2,31,h2d,0.017496193
sync,fp16;blocks=36;matmul=4096,2,32,h2d,0.017313343
sync,fp16;blocks=36;matmul=4096,2,33,h2d,0.017329121
sync,fp16;blocks=36;matmul=4096,2,34,h2d,0.058158146
sync,fp16;blocks=36;matmul=4096,2,35,h2d,0.014885632
sync,fp16;blocks=36;matmul=4096,2,0,compute,0.035151295
sync,fp16;blocks=36;matmul=4096,2,1,compute,0.036598305
sync,fp16;blocks=36;matmul=4096,2,2,compute,0.036810944
sync,fp16;blocks=36;matmul=4096,2,3,compute,0.037899361
sync,fp16;blocks=36;matmul=4096,2,4,compute,0.037946304
sync,fp16;blocks=36;matmul=4096,2,5,compute,0.042332382
sync,fp16;blocks=36;matmul=4096,2,6,compute,0.041218048
sync,fp16;blocks=36;matmul=4096,2,7,compute,0.043879490
sync,fp16;blocks=36;matmul=4096,2,8,compute,0.045426304
sync,fp16;blocks=36;matmul=4096,2,9,compute,0.040891521
sync,fp16;blocks=36;matmul=4096,2,10,compute,0.042919487
sync,fp16;blocks=36;matmul=4096,2,11,compute,0.041877728
sync,fp16;blocks=36;matmul=4096,2,12,compute,0.044545376
sync,fp16;blocks=36;matmul=4096,2,13,compute,0.045675522
sync,fp16;blocks=36;matmul=4096,2,14,compute,0.042987679
sync,fp16;blocks=36;matmul=4096,2,15,compute,0.045670815
sync,fp16;blocks=36;matmul=4096,2,16,compute,0.047544384
sync,fp16;blocks=36;matmul=4096,2,17,compute,0.050789886
sync,fp16;blocks=36;matmul=4096,2,18,compute,0.137767075
sync,fp16;blocks=36;matmul=4096,2,19,compute,0.017546848
sync,fp16;blocks=36;matmul=4096,2,20,compute,0.018549408
sync,fp16;blocks=36;matmul=4096,2,21,compute,0.018701088
sync,fp16;blocks=36;matmul=4096,2,22,compute,0.034404385
sync,fp16;blocks=36;matmul=4096,2,23,compute,0.036153824
sync,fp16;blocks=36;matmul=4096,2,24,compute,0.035357281
sync,fp16;blocks=36;matmul=4096,2,25,compute,0.040440514
sync,fp16;blocks=36;matmul=4096,2,26,compute,0.036708481
sync,fp16;blocks=36;matmul=4096,2,27,compute,0.037092705
sync,fp16;blocks=36;matmul=4096,2,28,compute,0.040674786
sync,fp16;blocks=36;matmul=4096,2,29,compute,0.041109856
sync,fp16;blocks=36;matmul=4096,2,30,compute,0.041471104
sync,fp16;blocks=36;matmul=4096,2,31,compute,0.041331711
sync,fp16;blocks=36;matmul=4096,2,32,compute,0.038539776
sync,fp16;blocks=36;matmul=4096,2,33,compute,0.047332577
sync,fp16;blocks=36;matmul=4096,2,34,compute,0.159491455
sync,fp16;blocks=36;matmul=4096,2,35,compute,0.018398912
sync,fp16;blocks=36;matmul=4096,3,0,read,0.406401700
sync,fp16;blocks=36;matmul=4096,3,1,read,0.610313100
sync,fp16;blocks=36;matmul=4096,3,2,read,0.264434200
sync,fp16;blocks=36;matmul=4096,3,3,read,0.565775200
sync,fp16;blocks=36;matmul=4096,3,4,read,0.145966300
sync,fp16;blocks=36;matmul=4096,3,5,read,0.604557900
sync,fp16;blocks=36;matmul=4096,3,6,read,0.267020800
sync,fp16;blocks=36;matmul=4096,3,7,read,0.582635800
sync,fp16;blocks=36;matmul=4096,3,8,read,0.150025300
sync,fp16;blocks=36;matmul=4096,3,9,read,0.605868900
sync,fp16;blocks=36;matmul=4096,3,10,read,0.255741100
sync,fp16;blocks=36;matmul=4096,3,11,read,0.582076700
sync,fp16;blocks=36;matmul=4096,3,12,read,0.275366900
sync,fp16;blocks=36;matmul=4096,3,13,read,0.608902600
sync,fp16;blocks=36;matmul=4096,3,14,read,0.260190900
sync,fp16;blocks=36;matmul=4096,3,15,read,0.575482700
sync,fp16;blocks=36;matmul=4096,3,16,read,0.507166100
sync,fp16;blocks=36;matmul=4096,3,17,read,0.612739300
sync,fp16;blocks=36;matmul=4096,3,18,read,0.261577500
sync,fp16;blocks=36;matmul=4096,3,19,read,0.578503100
sync,fp16;blocks=36;matmul=4096,3,20,read,0.148618000
sync,fp16;blocks=36;matmul=4096,3,21,read,0.623264300
sync,fp16;blocks=36;matmul=4096,3,22,read,0.276601900
sync,fp16;blocks=36;matmul=4096,3,23,read,0.574896700
sync,fp16;blocks=36;matmul=4096,3,24,read,0.146779000
sync,fp16;blocks=36;matmul=4096,3,25,read,0.610864100
sync,fp16;blocks=36;matmul=4096,3,26,read,0.256365400
sync,fp16;blocks=36;matmul=4096,3,27,read,0.577910800
sync,fp16;blocks=36;matmul=4096,3,28,read,0.522576800
sync,fp16;blocks=36;matmul=4096,3,29,read,0.398443400
sync,fp16;blocks=36;matmul=4096,3,30,read,0.502825100
sync,fp16;blocks=36;matmul=4096,3,31,read,0.589105800
sync,fp16;blocks=36;matmul=4096,3,32,read,0.419317100
sync,fp16;blocks=36;matmul=4096,3,33,read,0.518514400
sync,fp16;blocks=36;matmul=4096,3,34,read,0.464692100
sync,fp16;blocks=36;matmul=4096,3,35,read,0.347543700
sync,fp16;blocks=36;matmul=4096,3,0,stage_copy,0.023268700
sync,fp16;blocks=36;matmul=4096,3,1,stage_copy,0.023039300
sync,fp16;blocks=36;matmul=4096,3,2,stage_copy,0.022579500
sync,fp16;blocks=36;matmul=4096,3,3,stage_copy,0.021843600
sync,fp16;blocks=36;matmul=4096,3,4,stage_copy,0.021464500
sync,fp16;blocks=36;matmul=4096,3,5,stage_copy,0.023568800
sync,fp16;blocks=36;matmul=4096,3,6,stage_copy,0.021498900
sync,fp16;blocks=36;matmul=4096,3,7,stage_copy,0.023118700
sync,fp16;blocks=36;matmul=4096,3,8,stage_copy,0.021598000
sync,fp16;blocks=36;matmul=4096,3,9,stage_copy,0.022069400
sync,fp16;blocks=36;matmul=4096,3,10,stage_copy,0.022284100
sync,fp16;blocks=36;matmul=4096,3,11,stage_copy,0.021778800
sync,fp16;blocks=36;matmul=4096,3,12,stage_copy,0.022036000
sync,fp16;blocks=36;matmul=4096,3,13,stage_copy,0.022138800
sync,fp16;blocks=36;matmul=4096,3,14,stage_copy,0.022137400
sync,fp16;blocks=36;matmul=4096,3,15,stage_copy,0.020821600
sync,fp16;blocks=36;matmul=4096,3,16,stage_copy,0.021714100
sync,fp16;blocks=36;matmul=4096,3,17,stage_copy,0.023758200
sync,fp16;blocks=36;matmul=4096,3,18,stage_copy,0.019785700
sync,fp16;blocks=36;matmul=4096,3,19,stage_copy,0.022054400
sync,fp16;blocks=36;matmul=4096,3,20,stage_copy,0.021360700
sync,fp16;blocks=36;matmul=4096,3,21,stage_copy,0.020643700
sync,fp16;blocks=36;matmul=4096,3,22,stage_copy,0.021351900
sync,fp16;blocks=36;matmul=4096,3,23,stage_copy,0.021743000
sync,fp16;blocks=36;matmul=4096,3,24,stage_copy,0.020392400
sync,fp16;blocks=36;matmul=4096,3,25,stage_copy,0.021258600
sync,fp16;blocks=36;matmul=4096,3,26,stage_copy,0.021209600
sync,fp16;blocks=36;matmul=4096,3,27,stage_copy,0.021319000
sync,fp16;blocks=36;matmul=4096,3,28,stage_copy,0.020994000
sync,fp16;blocks=36;matmul=4096,3,29,stage_copy,0.022160200
sync,fp16;blocks=36;matmul=4096,3,30,stage_copy,0.025535100
sync,fp16;blocks=36;matmul=4096,3,31,stage_copy,0.022124300
sync,fp16;blocks=36;matmul=4096,3,32,stage_copy,0.022773600
sync,fp16;blocks=36;matmul=4096,3,33,stage_copy,0.020976500
sync,fp16;blocks=36;matmul=4096,3,34,stage_copy,0.021142600
sync,fp16;blocks=36;matmul=4096,3,35,stage_copy,0.026125400
sync,fp16;blocks=36;matmul=4096,3,0,h2d,0.014999456
sync,fp16;blocks=36;matmul=4096,3,1,h2d,0.015062560
sync,fp16;blocks=36;matmul=4096,3,2,h2d,0.015005856
sync,fp16;blocks=36;matmul=4096,3,3,h2d,0.016807840
sync,fp16;blocks=36;matmul=4096,3,4,h2d,0.016731552
sync,fp16;blocks=36;matmul=4096,3,5,h2d,0.017300192
sync,fp16;blocks=36;matmul=4096,3,6,h2d,0.017545248
sync,fp16;blocks=36;matmul=4096,3,7,h2d,0.017370880
sync,fp16;blocks=36;matmul=4096,3,8,h2d,0.017330688
sync,fp16;blocks=36;matmul=4096,3,9,h2d,0.017296703
sync,fp16;blocks=36;matmul=4096,3,10,h2d,0.017299295
sync,fp16;blocks=36;matmul=4096,3,11,h2d,0.017397312
sync,fp16;blocks=36;matmul=4096,3,12,h2d,0.017337376
sync,fp16;blocks=36;matmul=4096,3,13,h2d,0.017344255
sync,fp16;blocks=36;matmul=4096,3,14,h2d,0.017294176
sync,fp16;blocks=36;matmul=4096,3,15,h2d,0.017264959
sync,fp16;blocks=36;matmul=4096,3,16,h2d,0.017413536
sync,fp16;blocks=36;matmul=4096,3,17,h2d,0.017333504
sync,fp16;blocks=36;matmul=4096,3,18,h2d,0.017442305
sync,fp16;blocks=36;matmul=4096,3,19,h2d,0.017291296
sync,fp16;blocks=36;matmul=4096,3,20,h2d,0.017336224
sync,fp16;blocks=36;matmul=4096,3,21,h2d,0.017347361
sync,fp16;blocks=36;matmul=4096,3,22,h2d,0.017299072
sync,fp16;blocks=36;matmul=4096,3,23,h2d,0.017272833
sync,fp16;blocks=36;matmul=4096,3,24,h2d,0.017313696
sync,fp16;blocks=36;matmul=4096,3,25,h2d,0.017300512
sync,fp16;blocks=36;matmul=4096,3,26,h2d,0.017268608
sync,fp16;blocks=36;matmul=4096,3,27,h2d,0.017381727
sync,fp16;blocks=36;matmul=4096,3,28,h2d,0.017282145
sync,fp16;blocks=36;matmul=4096,3,29,h2d,0.017334848
sync,fp16;blocks=36;matmul=4096,3,30,h2d,0.017338911
sync,fp16;blocks=36;matmul=4096,3,31,h2d,0.017329121
sync,fp16;blocks=36;matmul=4096,3,32,h2d,0.017405697
sync,fp16;blocks=36;matmul=4096,3,33,h2d,0.017270975
sync,fp16;blocks=36;matmul=4096,3,34,h2d,0.017363136
sync,fp16;blocks=36;matmul=4096,3,35,h2d,0.058005600
sync,fp16;blocks=36;matmul=4096,3,0,compute,0.016615681
sync,fp16;blocks=36;matmul=4096,3,1,compute,0.017320768
sync,fp16;blocks=36;matmul=4096,3,2,compute,0.034202560
sync,fp16;blocks=36;matmul=4096,3,3,compute,0.032634850
sync,fp16;blocks=36;matmul=4096,3,4,compute,0.036462368
sync,fp16;blocks=36;matmul=4096,3,5,compute,0.036829407
sync,fp16;blocks=36;matmul=4096,3,6,compute,0.036972446
sync,fp16;blocks=36;matmul=4096,3,7,compute,0.037891422
sync,fp16;blocks=36;matmul=4096,3,8,compute,0.039230145
sync,fp16;blocks=36;matmul=4096,3,9,compute,0.041637600
sync,fp16;blocks=36;matmul=4096,3,10,compute,0.041768543
sync,fp16;blocks=36;matmul=4096,3,11,compute,0.040895809
sync,fp16;blocks=36;matmul=4096,3,12,compute,0.041624928
sync,fp16;blocks=36;matmul=4096,3,13,compute,0.041412289
sync,fp16;blocks=36;matmul=4096,3,14,compute,0.045057152
sync,fp16;blocks=36;matmul=4096,3,15,compute,0.042130302
sync,fp16;blocks=36;matmul=4096,3,16,compute,0.042223297
sync,fp16;blocks=36;matmul=4096,3,17,compute,0.046840130
sync,fp16;blocks=36;matmul=4096,3,18,compute,0.043032001
sync,fp16;blocks=36;matmul=4096,3,19,compute,0.044719456
sync,fp16;blocks=36;matmul=4096,3,20,compute,0.042944702
sync,fp16;blocks=36;matmul=4096,3,21,compute,0.042816994
sync,fp16;blocks=36;matmul=4096,3,22,compute,0.043098110
sync,fp16;blocks=36;matmul=4096,3,23,compute,0.041511070
sync,fp16;blocks=36;matmul=4096,3,24,compute,0.041972992
sync,fp16;blocks=36;matmul=4096,3,25,compute,0.044100063
sync,fp16;blocks=36;matmul=4096,3,26,compute,0.040312126
sync,fp16;blocks=36;matmul=4096,3,27,compute,0.040949120
sync,fp16;blocks=36;matmul=4096,3,28,compute,0.040240002
sync,fp16;blocks=36;matmul=4096,3,29,compute,0.044339073
sync,fp16;blocks=36;matmul=4096,3,30,compute,0.045945183
sync,fp16;blocks=36;matmul=4096,3,31,compute,0.057524513
sync,fp16;blocks=36;matmul=4096,3,32,compute,0.042745026
sync,fp16;blocks=36;matmul=4096,3,33,compute,0.045021538
sync,fp16;blocks=36;matmul=4096,3,34,compute,0.046847904
sync,fp16;blocks=36;matmul=4096,3,35,compute,0.197262405
double_buffer,fp16;blocks=36;matmul=4096,1,0,read,0.408740600
double_buffer,fp16;blocks=36;matmul=4096,1,1,read,0.593507900
double_buffer,fp16;blocks=36;matmul=4096,1,2,read,0.271925500
double_buffer,fp16;blocks=36;matmul=4096,1,3,read,0.586010300
double_buffer,fp16;blocks=36;matmul=4096,1,4,read,0.145635800
double_buffer,fp16;blocks=36;matmul=4096,1,5,read,0.636622200
double_buffer,fp16;blocks=36;matmul=4096,1,6,read,0.261028700
double_buffer,fp16;blocks=36;matmul=4096,1,7,read,0.571175100
double_buffer,fp16;blocks=36;matmul=4096,1,8,read,0.150403600
double_buffer,fp16;blocks=36;matmul=4096,1,9,read,0.611387300
double_buffer,fp16;blocks=36;matmul=4096,1,10,read,0.270520700
double_buffer,fp16;blocks=36;matmul=4096,1,11,read,0.584436700
double_buffer,fp16;blocks=36;matmul=4096,1,12,read,0.295758900
double_buffer,fp16;blocks=36;matmul=4096,1,13,read,0.611236500
double_buffer,fp16;blocks=36;matmul=4096,1,14,read,0.266129200
double_buffer,fp16;blocks=36;matmul=4096,1,15,read,0.564303000
double_buffer,fp16;blocks=36;matmul=4096,1,16,read,0.512480300
double_buffer,fp16;blocks=36;matmul=4096,1,17,read,0.616833400
double_buffer,fp16;blocks=36;matmul=4096,1,18,read,0.260713000
double_buffer,fp16;blocks=36;matmul=4096,1,19,read,0.585943700
double_buffer,fp16;blocks=36;matmul=4096,1,20,read,0.158141100
double_buffer,fp16;blocks=36;matmul=4096,1,21,read,0.615430100
double_buffer,fp16;blocks=36;matmul=4096,1,22,read,0.265268800
double_buffer,fp16;blocks=36;matmul=4096,1,23,read,0.590455200
double_buffer,fp16;blocks=36;matmul=4096,1,24,read,0.146371500
double_buffer,fp16;blocks=36;matmul=4096,1,25,read,0.608519900
double_buffer,fp16;blocks=36;matmul=4096,1,26,read,0.264873000
double_buffer,fp16;blocks=36;matmul=4096,1,27,read,0.608292000
double_buffer,fp16;blocks=36;matmul=4096,1,28,read,0.523082100
double_buffer,fp16;blocks=36;matmul=4096,1,29,read,0.413218000
double_buffer,fp16;blocks=36;matmul=4096,1,30,read,0.512018300
double_buffer,fp16;blocks=36;matmul=4096,1,31,read,0.610325700
double_buffer,fp16;blocks=36;matmul=4096,1,32,read,0.417452700
double_buffer,fp16;blocks=36;matmul=4096,1,33,read,0.519374500
double_buffer,fp16;blocks=36;matmul=4096,1,34,read,0.475448000
double_buffer,fp16;blocks=36;matmul=4096,1,35,read,0.358178300
double_buffer,fp16;blocks=36;matmul=4096,1,0,stage_copy,0.021844200
double_buffer,fp16;blocks=36;matmul=4096,1,1,stage_copy,0.021902200
double_buffer,fp16;blocks=36;matmul=4096,1,2,stage_copy,0.021097300
double_buffer,fp16;blocks=36;matmul=4096,1,3,stage_copy,0.024024000
double_buffer,fp16;blocks=36;matmul=4096,1,4,stage_copy,0.022543900
double_buffer,fp16;blocks=36;matmul=4096,1,5,stage_copy,0.023733900
double_buffer,fp16;blocks=36;matmul=4096,1,6,stage_copy,0.022789900
double_buffer,fp16;blocks=36;matmul=4096,1,7,stage_copy,0.020868000
double_buffer,fp16;blocks=36;matmul=4096,1,8,stage_copy,0.020871400
double_buffer,fp16;blocks=36;matmul=4096,1,9,stage_copy,0.020879200
double_buffer,fp16;blocks=36;matmul=4096,1,10,stage_copy,0.021322500
double_buffer,fp16;blocks=36;matmul=4096,1,11,stage_copy,0.027447900
double_buffer,fp16;blocks=36;matmul=4096,1,12,stage_copy,0.022889200
double_buffer,fp16;blocks=36;matmul=4096,1,13,stage_copy,0.022163100
double_buffer,fp16;blocks=36;matmul=4096,1,14,stage_copy,0.030678200
double_buffer,fp16;blocks=36;matmul=4096,1,15,stage_copy,0.026504600
double_buffer,fp16;blocks=36;matmul=4096,1,16,stage_copy,0.025760100
double_buffer,fp16;blocks=36;matmul=4096,1,17,stage_copy,0.026693700
double_buffer,fp16;blocks=36;matmul=4096,1,18,stage_copy,0.021084800
double_buffer,fp16;blocks=36;matmul=4096,1,19,stage_copy,0.020763300
double_buffer,fp16;blocks=36;matmul=4096,1,20,stage_copy,0.027369500
double_buffer,fp16;blocks=36;matmul=4096,1,21,stage_copy,0.029714200
double_buffer,fp16;blocks=36;matmul=4096,1,22,stage_copy,0.026537700
double_buffer,fp16;blocks=36;matmul=4096,1,23,stage_copy,0.022528900
double_buffer,fp16;blocks=36;matmul=4096,1,24,stage_copy,0.020743700
double_buffer,fp16;blocks=36;matmul=4096,1,25,stage_copy,0.023326300
double_buffer,fp16;blocks=36;matmul=4096,1,26,stage_copy,0.020520100
double_buffer,fp16;blocks=36;matmul=4096,1,27,stage_copy,0.023071300
double_buffer,fp16;blocks=36;matmul=4096,1,28,stage_copy,0.021849100
double_buffer,fp16;blocks=36;matmul=4096,1,29,stage_copy,0.023384200
double_buffer,fp16;blocks=36;matmul=4096,1,30,stage_copy,0.026538900
double_buffer,fp16;blocks=36;matmul=4096,1,31,stage_copy,0.025852200
double_buffer,fp16;blocks=36;matmul=4096,1,32,stage_copy,0.021819800
double_buffer,fp16;blocks=36;matmul=4096,1,33,stage_copy,0.021445200
double_buffer,fp16;blocks=36;matmul=4096,1,34,stage_copy,0.023477900
double_buffer,fp16;blocks=36;matmul=4096,1,35,stage_copy,0.022519500
double_buffer,fp16;blocks=36;matmul=4096,1,0,h2d,0.014967296
double_buffer,fp16;blocks=36;matmul=4096,1,1,h2d,0.015620864
double_buffer,fp16;blocks=36;matmul=4096,1,2,h2d,0.015101408
double_buffer,fp16;blocks=36;matmul=4096,1,3,h2d,0.017044895
double_buffer,fp16;blocks=36;matmul=4096,1,4,h2d,0.017487040
double_buffer,fp16;blocks=36;matmul=4096,1,5,h2d,0.016817823
double_buffer,fp16;blocks=36;matmul=4096,1,6,h2d,0.016740513
double_buffer,fp16;blocks=36;matmul=4096,1,7,h2d,0.016883553
double_buffer,fp16;blocks=36;matmul=4096,1,8,h2d,0.017105568
double_buffer,fp16;blocks=36;matmul=4096,1,9,h2d,0.017384031
double_buffer,fp16;blocks=36;matmul=4096,1,10,h2d,0.017366976
double_buffer,fp16;blocks=36;matmul=4096,1,11,h2d,0.017467039
double_buffer,fp16;blocks=36;matmul=4096,1,12,h2d,0.017474527
double_buffer,fp16;blocks=36;matmul=4096,1,13,h2d,0.017396511
double_buffer,fp16;blocks=36;matmul=4096,1,14,h2d,0.017624319
double_buffer,fp16;blocks=36;matmul=4096,1,15,h2d,0.017882816
double_buffer,fp16;blocks=36;matmul=4096,1,16,h2d,0.017541536
double_buffer,fp16;blocks=36;matmul=4096,1,17,h2d,0.017553312
double_buffer,fp16;blocks=36;matmul=4096,1,18,h2d,0.017500544
double_buffer,fp16;blocks=36;matmul=4096,1,19,h2d,0.017312927
double_buffer,fp16;blocks=36;matmul=4096,1,20,h2d,0.017399233
double_buffer,fp16;blocks=36;matmul=4096,1,21,h2d,0.017915520
double_buffer,fp16;blocks=36;matmul=4096,1,22,h2d,0.017521952
double_buffer,fp16;blocks=36;matmul=4096,1,23,h2d,0.017403999
double_buffer,fp16;blocks=36;matmul=4096,1,24,h2d,0.017297537
double_buffer,fp16;blocks=36;matmul=4096,1,25,h2d,0.017401312
double_buffer,fp16;blocks=36;matmul=4096,1,26,h2d,0.017340639
double_buffer,fp16;blocks=36;matmul=4096,1,27,h2d,0.017345633
double_buffer,fp16;blocks=36;matmul=4096,1,28,h2d,0.017432705
double_buffer,fp16;blocks=36;matmul=4096,1,29,h2d,0.017383265
double_buffer,fp16;blocks=36;matmul=4096,1,30,h2d,0.018206207
double_buffer,fp16;blocks=36;matmul=4096,1,31,h2d,0.017338337
double_buffer,fp16;blocks=36;matmul=4096,1,32,h2d,0.017365856
double_buffer,fp16;blocks=36;matmul=4096,1,33,h2d,0.017358368
double_buffer,fp16;blocks=36;matmul=4096,1,34,h2d,0.056304222
double_buffer,fp16;blocks=36;matmul=4096,1,35,h2d,0.014933600
double_buffer,fp16;blocks=36;matmul=4096,1,0,compute,0.020330496
double_buffer,fp16;blocks=36;matmul=4096,1,1,compute,0.018174976
double_buffer,fp16;blocks=36;matmul=4096,1,2,compute,0.038401024
double_buffer,fp16;blocks=36;matmul=4096,1,3,compute,0.038414337
double_buffer,fp16;blocks=36;matmul=4096,1,4,compute,0.037057537
double_buffer,fp16;blocks=36;matmul=4096,1,5,compute,0.035334145
double_buffer,fp16;blocks=36;matmul=4096,1,6,compute,0.038259712
double_buffer,fp16;blocks=36;matmul=4096,1,7,compute,0.036920319
double_buffer,fp16;blocks=36;matmul=4096,1,8,compute,0.038790146
double_buffer,fp16;blocks=36;matmul=4096,1,9,compute,0.038076416
double_buffer,fp16;blocks=36;matmul=4096,1,10,compute,0.044740608
double_buffer,fp16;blocks=36;matmul=4096,1,11,compute,0.044093441
double_buffer,fp16;blocks=36;matmul=4096,1,12,compute,0.047027199
double_buffer,fp16;blocks=36;matmul=4096,1,13,compute,0.056370174
double_buffer,fp16;blocks=36;matmul=4096,1,14,compute,0.049160191
double_buffer,fp16;blocks=36;matmul=4096,1,15,compute,0.046490623
double_buffer,fp16;blocks=36;matmul=4096,1,16,compute,0.042784767
double_buffer,fp16;blocks=36;matmul=4096,1,17,compute,0.048961536
double_buffer,fp16;blocks=36;matmul=4096,1,18,compute,0.044817410
double_buffer,fp16;blocks=36;matmul=4096,1,19,compute,0.046542847
double_buffer,fp16;blocks=36;matmul=4096,1,20,compute,0.075026428
double_buffer,fp16;blocks=36;matmul=4096,1,21,compute,0.054116352
double_buffer,fp16;blocks=36;matmul=4096,1,22,compute,0.049244160
double_buffer,fp16;blocks=36;matmul=4096,1,23,compute,0.045870079
double_buffer,fp16;blocks=36;matmul=4096,1,24,compute,0.046083073
double_buffer,fp16;blocks=36;matmul=4096,1,25,compute,0.051963905
double_buffer,fp16;blocks=36;matmul=4096,1,26,compute,0.051773441
double_buffer,fp16;blocks=36;matmul=4096,1,27,compute,0.068854782
double_buffer,fp16;blocks=36;matmul=4096,1,28,compute,0.045925377
double_buffer,fp16;blocks=36;matmul=4096,1,29,compute,0.065490944
double_buffer,fp16;blocks=36;matmul=4096,1,30,compute,0.051013634
double_buffer,fp16;blocks=36;matmul=4096,1,31,compute,0.052857857
double_buffer,fp16;blocks=36;matmul=4096,1,32,compute,0.045644798
double_buffer,fp16;blocks=36;matmul=4096,1,33,compute,0.213634048
double_buffer,fp16;blocks=36;matmul=4096,1,34,compute,0.018439169
double_buffer,fp16;blocks=36;matmul=4096,1,35,compute,0.016726015
double_buffer,fp16;blocks=36;matmul=4096,2,0,read,0.410828100
double_buffer,fp16;blocks=36;matmul=4096,2,1,read,0.594352600
double_buffer,fp16;blocks=36;matmul=4096,2,2,read,0.266334000
double_buffer,fp16;blocks=36;matmul=4096,2,3,read,0.570165900
double_buffer,fp16;blocks=36;matmul=4096,2,4,read,0.152099400
double_buffer,fp16;blocks=36;matmul=4096,2,5,read,0.613824400
double_buffer,fp16;blocks=36;matmul=4096,2,6,read,0.259607000
double_buffer,fp16;blocks=36;matmul=4096,2,7,read,0.587341900
double_buffer,fp16;blocks=36;matmul=4096,2,8,read,0.150496300
double_buffer,fp16;blocks=36;matmul=4096,2,9,read,0.607848100
double_buffer,fp16;blocks=36;matmul=4096,2,10,read,0.270741300
double_buffer,fp16;blocks=36;matmul=4096,2,11,read,0.579299600
double_buffer,fp16;blocks=36;matmul=4096,2,12,read,0.290817900
double_buffer,fp16;blocks=36;matmul=4096,2,13,read,0.607392700
double_buffer,fp16;blocks=36;matmul=4096,2,14,read,0.266875200
double_buffer,fp16;blocks=36;matmul=4096,2,15,read,0.572798600
double_buffer,fp16;blocks=36;matmul=4096,2,16,read,0.515327600
double_buffer,fp16;blocks=36;matmul=4096,2,17,read,0.610228100
double_buffer,fp16;blocks=36;matmul=4096,2,18,read,0.256417000
double_buffer,fp16;blocks=36;matmul=4096,2,19,read,0.586871300
double_buffer,fp16;blocks=36;matmul=4096,2,20,read,0.146399000
double_buffer,fp16;blocks=36;matmul=4096,2,21,read,0.608270900
double_buffer,fp16;blocks=36;matmul=4096,2,22,read,0.263532100
double_buffer,fp16;blocks=36;matmul=4096,2,23,read,0.584889600
double_buffer,fp16;blocks=36;matmul=4096,2,24,read,0.155256300
double_buffer,fp16;blocks=36;matmul=4096,2,25,read,0.626475500
double_buffer,fp16;blocks=36;matmul=4096,2,26,read,0.260195900
double_buffer,fp16;blocks=36;matmul=4096,2,27,read,0.595387200
double_buffer,fp16;blocks=36;matmul=4096,2,28,read,0.564225400
double_buffer,fp16;blocks=36;matmul=4096,2,29,read,0.408921700
double_buffer,fp16;blocks=36;matmul=4096,2,30,read,0.516234700
double_buffer,fp16;blocks=36;matmul=4096,2,31,read,0.608075100
double_buffer,fp16;blocks=36;matmul=4096,2,32,read,0.417287000
double_buffer,fp16;blocks=36;matmul=4096,2,33,read,0.544477500
double_buffer,fp16;blocks=36;matmul=4096,2,34,read,0.488473300
double_buffer,fp16;blocks=36;matmul=4096,2,35,read,0.331472700
double_buffer,fp16;blocks=36;matmul=4096,2,0,stage_copy,0.023209600
double_buffer,fp16;blocks=36;matmul=4096,2,1,stage_copy,0.021436900
double_buffer,fp16;blocks=36;matmul=4096,2,2,stage_copy,0.022680900
double_buffer,fp16;blocks=36;matmul=4096,2,3,stage_copy,0.022019200
double_buffer,fp16;blocks=36;matmul=4096,2,4,stage_copy,0.021064200
double_buffer,fp16;blocks=36;matmul=4096,2,5,stage_copy,0.021669500
double_buffer,fp16;blocks=36;matmul=4096,2,6,stage_copy,0.021074500
double_buffer,fp16;blocks=36;matmul=4096,2,7,stage_copy,0.021631100
double_buffer,fp16;blocks=36;matmul=4096,2,8,stage_copy,0.021227000
double_buffer,fp16;blocks=36;matmul=4096,2,9,stage_copy,0.021337700
double_buffer,fp16;blocks=36;matmul=4096,2,10,stage_copy,0.020653700
double_buffer,fp16;blocks=36;matmul=4096,2,11,stage_copy,0.020626700
double_buffer,fp16;blocks=36;matmul=4096,2,12,stage_copy,0.020793200
double_buffer,fp16;blocks=36;matmul=4096,2,13,stage_copy,0.020785900
double_buffer,fp16;blocks=36;matmul=4096,2,14,stage_copy,0.020510200
double_buffer,fp16;blocks=36;matmul=4096,2,15,stage_copy,0.021062600
double_buffer,fp16;blocks=36;matmul=4096,2,16,stage_copy,0.025331900
double_buffer,fp16;blocks=36;matmul=4096,2,17,stage_copy,0.020993500
double_buffer,fp16;blocks=36;matmul=4096,2,18,stage_copy,0.020950400
double_buffer,fp16;blocks=36;matmul=4096,2,19,stage_copy,0.020867600
double_buffer,fp16;blocks=36;matmul=4096,2,20,stage_copy,0.020701500
double_buffer,fp16;blocks=36;matmul=4096,2,21,stage_copy,0.020939300
double_buffer,fp16;blocks=36;matmul=4096,2,22,stage_copy,0.020815000
double_buffer,fp16;blocks=36;matmul=4096,2,23,stage_copy,0.027224500
double_buffer,fp16;blocks=36;matmul=4096,2,24,stage_copy,0.026319100
double_buffer,fp16;blocks=36;matmul=4096,2,25,stage_copy,0.025652700
double_buffer,fp16;blocks=36;matmul=4096,2,26,stage_copy,0.028340700
double_buffer,fp16;blocks=36;matmul=4096,2,27,stage_copy,0.028796500
double_buffer,fp16;blocks=36;matmul=4096,2,28,stage_copy,0.021275700
double_buffer,fp16;blocks=36;matmul=4096,2,29,stage_copy,0.021676600
double_buffer,fp16;blocks=36;matmul=4096,2,30,stage_copy,0.024364800
double_buffer,fp16;blocks=36;matmul=4096,2,31,stage_copy,0.025062200
double_buffer,fp16;blocks=36;matmul=4096,2,32,stage_copy,0.029425900
double_buffer,fp16;blocks=36;matmul=4096,2,33,stage_copy,0.024459200
double_buffer,fp16;blocks=36;matmul=4096,2,34,stage_copy,0.022665600
double_buffer,fp16;blocks=36;matmul=4096,2,35,stage_copy,0.024585700
double_buffer,fp16;blocks=36;matmul=4096,2,0,h2d,0.015091936
double_buffer,fp16;blocks=36;matmul=4096,2,1,h2d,0.015306048
double_buffer,fp16;blocks=36;matmul=4096,2,2,h2d,0.015454272
double_buffer,fp16;blocks=36;matmul=4096,2,3,h2d,0.017481855
double_buffer,fp16;blocks=36;matmul=4096,2,4,h2d,0.017355743
double_buffer,fp16;blocks=36;matmul=4096,2,5,h2d,0.017339775
double_buffer,fp16;blocks=36;matmul=4096,2,6,h2d,0.017431711
double_buffer,fp16;blocks=36;matmul=4096,2,7,h2d,0.017334784
double_buffer,fp16;blocks=36;matmul=4096,2,8,h2d,0.017328863
double_buffer,fp16;blocks=36;matmul=4096,2,9,h2d,0.017409887
double_buffer,fp16;blocks=36;matmul=4096,2,10,h2d,0.017327969
double_buffer,fp16;blocks=36;matmul=4096,2,11,h2d,0.017324928
double_buffer,fp16;blocks=36;matmul=4096,2,12,h2d,0.017308895
double_buffer,fp16;blocks=36;matmul=4096,2,13,h2d,0.017315840
double_buffer,fp16;blocks=36;matmul=4096,2,14,h2d,0.017289440
double_buffer,fp16;blocks=36;matmul=4096,2,15,h2d,0.017291456
double_buffer,fp16;blocks=36;matmul=4096,2,16,h2d,0.017323904
double_buffer,fp16;blocks=36;matmul=4096,2,17,h2d,0.017281601
double_buffer,fp16;blocks=36;matmul=4096,2,18,h2d,0.017282400
double_buffer,fp16;blocks=36;matmul=4096,2,19,h2d,0.017344320
double_buffer,fp16;blocks=36;matmul=4096,2,20,h2d,0.017307680
double_buffer,fp16;blocks=36;matmul=4096,2,21,h2d,0.017295040
double_buffer,fp16;blocks=36;matmul=4096,2,22,h2d,0.017282145
double_buffer,fp16;blocks=36;matmul=4096,2,23,h2d,0.017571392
double_buffer,fp16;blocks=36;matmul=4096,2,24,h2d,0.017610144
double_buffer,fp16;blocks=36;matmul=4096,2,25,h2d,0.017413183
double_buffer,fp16;blocks=36;matmul=4096,2,26,h2d,0.017462912
double_buffer,fp16;blocks=36;matmul=4096,2,27,h2d,0.017706720
double_buffer,fp16;blocks=36;matmul=4096,2,28,h2d,0.017461952
double_buffer,fp16;blocks=36;matmul=4096,2,29,h2d,0.017405760
double_buffer,fp16;blocks=36;matmul=4096,2,30,h2d,0.017360865
double_buffer,fp16;blocks=36;matmul=4096,2,31,h2d,0.017614113
double_buffer,fp16;blocks=36;matmul=4096,2,32,h2d,0.017902496
double_buffer,fp16;blocks=36;matmul=4096,2,33,h2d,0.017216415
double_buffer,fp16;blocks=36;matmul=4096,2,34,h2d,0.016908287
double_buffer,fp16;blocks=36;matmul=4096,2,35,h2d,0.016538240
double_buffer,fp16;blocks=36;matmul=4096,2,0,compute,0.018257919
double_buffer,fp16;blocks=36;matmul=4096,2,1,compute,0.020018175
double_buffer,fp16;blocks=36;matmul=4096,2,2,compute,0.036690945
double_buffer,fp16;blocks=36;matmul=4096,2,3,compute,0.036886528
double_buffer,fp16;blocks=36;matmul=4096,2,4,compute,0.037862400
double_buffer,fp16;blocks=36;matmul=4096,2,5,compute,0.039571457
double_buffer,fp16;blocks=36;matmul=4096,2,6,compute,0.041064449
double_buffer,fp16;blocks=36;matmul=4096,2,7,compute,0.044607487
double_buffer,fp16;blocks=36;matmul=4096,2,8,compute,0.045275135
double_buffer,fp16;blocks=36;matmul=4096,2,9,compute,0.044256256
double_buffer,fp16;blocks=36;matmul=4096,2,10,compute,0.045730816
double_buffer,fp16;blocks=36;matmul=4096,2,11,compute,0.048677887
double_buffer,fp16;blocks=36;matmul=4096,2,12,compute,0.055255039
double_buffer,fp16;blocks=36;matmul=4096,2,13,compute,0.053622784
double_buffer,fp16;blocks=36;matmul=4096,2,14,compute,0.061036545
double_buffer,fp16;blocks=36;matmul=4096,2,15,compute,0.065860611
double_buffer,fp16;blocks=36;matmul=4096,2,16,compute,0.055287807
double_buffer,fp16;blocks=36;matmul=4096,2,17,compute,0.052608002
double_buffer,fp16;blocks=36;matmul=4096,2,18,compute,0.055964672
double_buffer,fp16;blocks=36;matmul=4096,2,19,compute,0.053327873
double_buffer,fp16;blocks=36;matmul=4096,2,20,compute,0.057285633
double_buffer,fp16;blocks=36;matmul=4096,2,21,compute,0.048699390
double_buffer,fp16;blocks=36;matmul=4096,2,22,compute,0.055246849
double_buffer,fp16;blocks=36;matmul=4096,2,23,compute,0.057871361
double_buffer,fp16;blocks=36;matmul=4096,2,24,compute,0.043179008
double_buffer,fp16;blocks=36;matmul=4096,2,25,compute,0.043870209
double_buffer,fp16;blocks=36;matmul=4096,2,26,compute,0.057298943
double_buffer,fp16;blocks=36;matmul=4096,2,27,compute,0.042950657
double_buffer,fp16;blocks=36;matmul=4096,2,28,compute,0.041623550
double_buffer,fp16;blocks=36;matmul=4096,2,29,compute,0.042207233
double_buffer,fp16;blocks=36;matmul=4096,2,30,compute,0.049210369
double_buffer,fp16;blocks=36;matmul=4096,2,31,compute,0.056989697
double_buffer,fp16;blocks=36;matmul=4096,2,32,compute,0.040911873
double_buffer,fp16;blocks=36;matmul=4096,2,33,compute,0.038052864
double_buffer,fp16;blocks=36;matmul=4096,2,34,compute,0.039825409
double_buffer,fp16;blocks=36;matmul=4096,2,35,compute,0.037259266
double_buffer,fp16;blocks=36;matmul=4096,3,0,read,0.410461600
double_buffer,fp16;blocks=36;matmul=4096,3,1,read,0.588313600
double_buffer,fp16;blocks=36;matmul=4096,3,2,read,0.259583600
double_buffer,fp16;blocks=36;matmul=4096,3,3,read,0.586994400
double_buffer,fp16;blocks=36;matmul=4096,3,4,read,0.152338100
double_buffer,fp16;blocks=36;matmul=4096,3,5,read,0.605400800
double_buffer,fp16;blocks=36;matmul=4096,3,6,read,0.267773900
double_buffer,fp16;blocks=36;matmul=4096,3,7,read,0.567987700
double_buffer,fp16;blocks=36;matmul=4096,3,8,read,0.151164800
double_buffer,fp16;blocks=36;matmul=4096,3,9,read,0.617227200
double_buffer,fp16;blocks=36;matmul=4096,3,10,read,0.260859700
double_buffer,fp16;blocks=36;matmul=4096,3,11,read,0.571809300
double_buffer,fp16;blocks=36;matmul=4096,3,12,read,0.311767900
double_buffer,fp16;blocks=36;matmul=4096,3,13,read,0.612294100
double_buffer,fp16;blocks=36;matmul=4096,3,14,read,0.261454700
double_buffer,fp16;blocks=36;matmul=4096,3,15,read,0.600921200
double_buffer,fp16;blocks=36;matmul=4096,3,16,read,0.509260000
double_buffer,fp16;blocks=36;matmul=4096,3,17,read,0.611663800
double_buffer,fp16;blocks=36;matmul=4096,3,18,read,0.267514700
double_buffer,fp16;blocks=36;matmul=4096,3,19,read,0.573335900
double_buffer,fp16;blocks=36;matmul=4096,3,20,read,0.147718100
double_buffer,fp16;blocks=36;matmul=4096,3,21,read,0.616538100
double_buffer,fp16;blocks=36;matmul=4096,3,22,read,0.264566000
double_buffer,fp16;blocks=36;matmul=4096,3,23,read,0.583898100
double_buffer,fp16;blocks=36;matmul=4096,3,24,read,0.154870500
double_buffer,fp16;blocks=36;matmul=4096,3,25,read,0.604361400
double_buffer,fp16;blocks=36;matmul=4096,3,26,read,0.268215500
double_buffer,fp16;blocks=36;matmul=4096,3,27,read,0.587599800
double_buffer,fp16;blocks=36;matmul=4096,3,28,read,0.527636200
double_buffer,fp16;blocks=36;matmul=4096,3,29,read,0.403837000
double_buffer,fp16;blocks=36;matmul=4096,3,30,read,0.509871000
double_buffer,fp16;blocks=36;matmul=4096,3,31,read,0.593036400
double_buffer,fp16;blocks=36;matmul=4096,3,32,read,0.417942100
double_buffer,fp16;blocks=36;matmul=4096,3,33,read,0.515557900
double_buffer,fp16;blocks=36;matmul=4096,3,34,read,0.466938800
double_buffer,fp16;blocks=36;matmul=4096,3,35,read,0.367169100
double_buffer,fp16;blocks=36;matmul=4096,3,0,stage_copy,0.022929300
double_buffer,fp16;blocks=36;matmul=4096,3,1,stage_copy,0.021097900
double_buffer,fp16;blocks=36;matmul=4096,3,2,stage_copy,0.024100500
double_buffer,fp16;blocks=36;matmul=4096,3,3,stage_copy,0.024911600
double_buffer,fp16;blocks=36;matmul=4096,3,4,stage_copy,0.024140200
double_buffer,fp16;blocks=36;matmul=4096,3,5,stage_copy,0.023052600
double_buffer,fp16;blocks=36;matmul=4096,3,6,stage_copy,0.025469300
double_buffer,fp16;blocks=36;matmul=4096,3,7,stage_copy,0.021028800
double_buffer,fp16;blocks=36;matmul=4096,3,8,stage_copy,0.021632400
double_buffer,fp16;blocks=36;matmul=4096,3,9,stage_copy,0.022661500
double_buffer,fp16;blocks=36;matmul=4096,3,10,stage_copy,0.021366500
double_buffer,fp16;blocks=36;matmul=4096,3,11,stage_copy,0.021486400
double_buffer,fp16;blocks=36;matmul=4096,3,12,stage_copy,0.021972200
double_buffer,fp16;blocks=36;matmul=4096,3,13,stage_copy,0.021839400
double_buffer,fp16;blocks=36;matmul=4096,3,14,stage_copy,0.028334300
double_buffer,fp16;blocks=36;matmul=4096,3,15,stage_copy,0.022607100
double_buffer,fp16;blocks=36;matmul=4096,3,16,stage_copy,0.021164300
double_buffer,fp16;blocks=36;matmul=4096,3,17,stage_copy,0.021801200
double_buffer,fp16;blocks=36;matmul=4096,3,18,stage_copy,0.023859900
double_buffer,fp16;blocks=36;matmul=4096,3,19,stage_copy,0.025025600
double_buffer,fp16;blocks=36;matmul=4096,3,20,stage_copy,0.022117400
double_buffer,fp16;blocks=36;matmul=4096,3,21,stage_copy,0.022376200
double_buffer,fp16;blocks=36;matmul=4096,3,22,stage_copy,0.023209200
double_buffer,fp16;blocks=36;matmul=4096,3,23,stage_copy,0.021653500
double_buffer,fp16;blocks=36;matmul=4096,3,24,stage_copy,0.021396400
double_buffer,fp16;blocks=36;matmul=4096,3,25,stage_copy,0.024966100
double_buffer,fp16;blocks=36;matmul=4096,3,26,stage_copy,0.022518100
double_buffer,fp16;blocks=36;matmul=4096,3,27,stage_copy,0.022471300
double_buffer,fp16;blocks=36;matmul=4096,3,28,stage_copy,0.021155200
double_buffer,fp16;blocks=36;matmul=4096,3,29,stage_copy,0.024288200
double_buffer,fp16;blocks=36;matmul=4096,3,30,stage_copy,0.032363900
double_buffer,fp16;blocks=36;matmul=4096,3,31,stage_copy,0.021855700
double_buffer,fp16;blocks=36;matmul=4096,3,32,stage_copy,0.023452000
double_buffer,fp16;blocks=36;matmul=4096,3,33,stage_copy,0.027097900
double_buffer,fp16;blocks=36;matmul=4096,3,34,stage_copy,0.021143500
double_buffer,fp16;blocks=36;matmul=4096,3,35,stage_copy,0.022921400
double_buffer,fp16;blocks=36;matmul=4096,3,0,h2d,0.016544577
double_buffer,fp16;blocks=36;matmul=4096,3,1,h2d,0.017415808
double_buffer,fp16;blocks=36;matmul=4096,3,2,h2d,0.017734112
double_buffer,fp16;blocks=36;matmul=4096,3,3,h2d,0.017672417
double_buffer,fp16;blocks=36;matmul=4096,3,4,h2d,0.017711584
double_buffer,fp16;blocks=36;matmul=4096,3,5,h2d,0.018003551
double_buffer,fp16;blocks=36;matmul=4096,3,6,h2d,0.017523584
double_buffer,fp16;blocks=36;matmul=4096,3,7,h2d,0.017527617
double_buffer,fp16;blocks=36;matmul=4096,3,8,h2d,0.017372671
double_buffer,fp16;blocks=36;matmul=4096,3,9,h2d,0.017385088
double_buffer,fp16;blocks=36;matmul=4096,3,10,h2d,0.017339647
double_buffer,fp16;blocks=36;matmul=4096,3,11,h2d,0.017571873
double_buffer,fp16;blocks=36;matmul=4096,3,12,h2d,0.017490017
double_buffer,fp16;blocks=36;matmul=4096,3,13,h2d,0.017349567
double_buffer,fp16;blocks=36;matmul=4096,3,14,h2d,0.017915775
double_buffer,fp16;blocks=36;matmul=4096,3,15,h2d,0.017371361
double_buffer,fp16;blocks=36;matmul=4096,3,16,h2d,0.017474209
double_buffer,fp16;blocks=36;matmul=4096,3,17,h2d,0.017447296
double_buffer,fp16;blocks=36;matmul=4096,3,18,h2d,0.017389441
double_buffer,fp16;blocks=36;matmul=4096,3,19,h2d,0.017514433
double_buffer,fp16;blocks=36;matmul=4096,3,20,h2d,0.017657568
double_buffer,fp16;blocks=36;matmul=4096,3,21,h2d,0.017376448
double_buffer,fp16;blocks=36;matmul=4096,3,22,h2d,0.017361280
double_buffer,fp16;blocks=36;matmul=4096,3,23,h2d,0.017453247
double_buffer,fp16;blocks=36;matmul=4096,3,24,h2d,0.017314783
double_buffer,fp16;blocks=36;matmul=4096,3,25,h2d,0.017558081
double_buffer,fp16;blocks=36;matmul=4096,3,26,h2d,0.017435648
double_buffer,fp16;blocks=36;matmul=4096,3,27,h2d,0.017494335
double_buffer,fp16;blocks=36;matmul=4096,3,28,h2d,0.017437023
double_buffer,fp16;blocks=36;matmul=4096,3,29,h2d,0.017341408
double_buffer,fp16;blocks=36;matmul=4096,3,30,h2d,0.017519585
double_buffer,fp16;blocks=36;matmul=4096,3,31,h2d,0.017511232
double_buffer,fp16;blocks=36;matmul=4096,3,32,h2d,0.017307873
double_buffer,fp16;blocks=36;matmul=4096,3,33,h2d,0.017634144
double_buffer,fp16;blocks=36;matmul=4096,3,34,h2d,0.017422848
double_buffer,fp16;blocks=36;matmul=4096,3,35,h2d,0.017247072
double_buffer,fp16;blocks=36;matmul=4096,3,0,compute,0.042404865
double_buffer,fp16;blocks=36;matmul=4096,3,1,compute,0.042396671
double_buffer,fp16;blocks=36;matmul=4096,3,2,compute,0.042930176
double_buffer,fp16;blocks=36;matmul=4096,3,3,compute,0.045324287
double_buffer,fp16;blocks=36;matmul=4096,3,4,compute,0.049208321
double_buffer,fp16;blocks=36;matmul=4096,3,5,compute,0.042554367
double_buffer,fp16;blocks=36;matmul=4096,3,6,compute,0.041213951
double_buffer,fp16;blocks=36;matmul=4096,3,7,compute,0.037076992
double_buffer,fp16;blocks=36;matmul=4096,3,8,compute,0.046073856
double_buffer,fp16;blocks=36;matmul=4096,3,9,compute,0.043079681
double_buffer,fp16;blocks=36;matmul=4096,3,10,compute,0.046367744
double_buffer,fp16;blocks=36;matmul=4096,3,11,compute,0.048077824
double_buffer,fp16;blocks=36;matmul=4096,3,12,compute,0.049816574
double_buffer,fp16;blocks=36;matmul=4096,3,13,compute,0.084526077
double_buffer,fp16;blocks=36;matmul=4096,3,14,compute,0.041068542
double_buffer,fp16;blocks=36;matmul=4096,3,15,compute,0.038158337
double_buffer,fp16;blocks=36;matmul=4096,3,16,compute,0.038725632
double_buffer,fp16;blocks=36;matmul=4096,3,17,compute,0.041949184
double_buffer,fp16;blocks=36;matmul=4096,3,18,compute,0.040082432
double_buffer,fp16;blocks=36;matmul=4096,3,19,compute,0.046311424
double_buffer,fp16;blocks=36;matmul=4096,3,20,compute,0.043106304
double_buffer,fp16;blocks=36;matmul=4096,3,21,compute,0.042807297
double_buffer,fp16;blocks=36;matmul=4096,3,22,compute,0.045008896
double_buffer,fp16;blocks=36;matmul=4096,3,23,compute,0.044601345
double_buffer,fp16;blocks=36;matmul=4096,3,24,compute,0.046182400
double_buffer,fp16;blocks=36;matmul=4096,3,25,compute,0.047950848
double_buffer,fp16;blocks=36;matmul=4096,3,26,compute,0.050024448
double_buffer,fp16;blocks=36;matmul=4096,3,27,compute,0.057637890
double_buffer,fp16;blocks=36;matmul=4096,3,28,compute,0.049727489
double_buffer,fp16;blocks=36;matmul=4096,3,29,compute,0.050968575
double_buffer,fp16;blocks=36;matmul=4096,3,30,compute,0.050861057
double_buffer,fp16;blocks=36;matmul=4096,3,31,compute,0.047946751
double_buffer,fp16;blocks=36;matmul=4096,3,32,compute,0.048356354
double_buffer,fp16;blocks=36;matmul=4096,3,33,compute,0.052021248
double_buffer,fp16;blocks=36;matmul=4096,3,34,compute,0.050883583
double_buffer,fp16;blocks=36;matmul=4096,3,35,compute,0.051350529
three_stage,fp16;blocks=36;matmul=4096,1,0,read,0.415621000
three_stage,fp16;blocks=36;matmul=4096,1,1,read,0.596208200
three_stage,fp16;blocks=36;matmul=4096,1,2,read,0.263577600
three_stage,fp16;blocks=36;matmul=4096,1,3,read,0.591137800
three_stage,fp16;blocks=36;matmul=4096,1,4,read,0.143080800
three_stage,fp16;blocks=36;matmul=4096,1,5,read,0.618924200
three_stage,fp16;blocks=36;matmul=4096,1,6,read,0.269740900
three_stage,fp16;blocks=36;matmul=4096,1,7,read,0.568040700
three_stage,fp16;blocks=36;matmul=4096,1,8,read,0.154566600
three_stage,fp16;blocks=36;matmul=4096,1,9,read,0.611745500
three_stage,fp16;blocks=36;matmul=4096,1,10,read,0.261591700
three_stage,fp16;blocks=36;matmul=4096,1,11,read,0.591305400
three_stage,fp16;blocks=36;matmul=4096,1,12,read,0.269025200
three_stage,fp16;blocks=36;matmul=4096,1,13,read,0.614389900
three_stage,fp16;blocks=36;matmul=4096,1,14,read,0.269142900
three_stage,fp16;blocks=36;matmul=4096,1,15,read,0.588600000
three_stage,fp16;blocks=36;matmul=4096,1,16,read,0.508174700
three_stage,fp16;blocks=36;matmul=4096,1,17,read,0.611677200
three_stage,fp16;blocks=36;matmul=4096,1,18,read,0.260609400
three_stage,fp16;blocks=36;matmul=4096,1,19,read,0.571082400
three_stage,fp16;blocks=36;matmul=4096,1,20,read,0.150127700
three_stage,fp16;blocks=36;matmul=4096,1,21,read,0.609771500
three_stage,fp16;blocks=36;matmul=4096,1,22,read,0.269136500
three_stage,fp16;blocks=36;matmul=4096,1,23,read,0.593421600
three_stage,fp16;blocks=36;matmul=4096,1,24,read,0.148251100
three_stage,fp16;blocks=36;matmul=4096,1,25,read,0.613697900
three_stage,fp16;blocks=36;matmul=4096,1,26,read,0.279200500
three_stage,fp16;blocks=36;matmul=4096,1,27,read,0.590192500
three_stage,fp16;blocks=36;matmul=4096,1,28,read,0.519304200
three_stage,fp16;blocks=36;matmul=4096,1,29,read,0.438235500
three_stage,fp16;blocks=36;matmul=4096,1,30,read,0.507755200
three_stage,fp16;blocks=36;matmul=4096,1,31,read,0.592354300
three_stage,fp16;blocks=36;matmul=4096,1,32,read,0.423007500
three_stage,fp16;blocks=36;matmul=4096,1,33,read,0.505395800
three_stage,fp16;blocks=36;matmul=4096,1,34,read,0.481777000
three_stage,fp16;blocks=36;matmul=4096,1,35,read,0.339596100
three_stage,fp16;blocks=36;matmul=4096,1,0,stage_copy,0.020864000
three_stage,fp16;blocks=36;matmul=4096,1,1,stage_copy,0.021150400
three_stage,fp16;blocks=36;matmul=4096,1,2,stage_copy,0.021154400
three_stage,fp16;blocks=36;matmul=4096,1,3,stage_copy,0.020945600
three_stage,fp16;blocks=36;matmul=4096,1,4,stage_copy,0.020841700
three_stage,fp16;blocks=36;matmul=4096,1,5,stage_copy,0.020982000
three_stage,fp16;blocks=36;matmul=4096,1,6,stage_copy,0.021030500
three_stage,fp16;blocks=36;matmul=4096,1,7,stage_copy,0.021954900
three_stage,fp16;blocks=36;matmul=4096,1,8,stage_copy,0.021138900
three_stage,fp16;blocks=36;matmul=4096,1,9,stage_copy,0.021735000
three_stage,fp16;blocks=36;matmul=4096,1,10,stage_copy,0.020941200
three_stage,fp16;blocks=36;matmul=4096,1,11,stage_copy,0.021451700
three_stage,fp16;blocks=36;matmul=4096,1,12,stage_copy,0.021440500
three_stage,fp16;blocks=36;matmul=4096,1,13,stage_copy,0.021692100
three_stage,fp16;blocks=36;matmul=4096,1,14,stage_copy,0.025265600
three_stage,fp16;blocks=36;matmul=4096,1,15,stage_copy,0.021742400
three_stage,fp16;blocks=36;matmul=4096,1,16,stage_copy,0.021436300
three_stage,fp16;blocks=36;matmul=4096,1,17,stage_copy,0.021661600
three_stage,fp16;blocks=36;matmul=4096,1,18,stage_copy,0.021167800
three_stage,fp16;blocks=36;matmul=4096,1,19,stage_copy,0.021744300
three_stage,fp16;blocks=36;matmul=4096,1,20,stage_copy,0.021470100
three_stage,fp16;blocks=36;matmul=4096,1,21,stage_copy,0.022084900
three_stage,fp16;blocks=36;matmul=4096,1,22,stage_copy,0.021133000
three_stage,fp16;blocks=36;matmul=4096,1,23,stage_copy,0.021253900
three_stage,fp16;blocks=36;matmul=4096,1,24,stage_copy,0.020405000
three_stage,fp16;blocks=36;matmul=4096,1,25,stage_copy,0.022214400
three_stage,fp16;blocks=36;matmul=4096,1,26,stage_copy,0.022681500
three_stage,fp16;blocks=36;matmul=4096,1,27,stage_copy,0.021913700
three_stage,fp16;blocks=36;matmul=4096,1,28,stage_copy,0.021704000
three_stage,fp16;blocks=36;matmul=4096,1,29,stage_copy,0.021375500
three_stage,fp16;blocks=36;matmul=4096,1,30,stage_copy,0.020588000
three_stage,fp16;blocks=36;matmul=4096,1,31,stage_copy,0.021145100
three_stage,fp16;blocks=36;matmul=4096,1,32,stage_copy,0.020772900
three_stage,fp16;blocks=36;matmul=4096,1,33,stage_copy,0.020931900
three_stage,fp16;blocks=36;matmul=4096,1,34,stage_copy,0.021837000
three_stage,fp16;blocks=36;matmul=4096,1,35,stage_copy,0.021600300
three_stage,fp16;blocks=36;matmul=4096,1,0,h2d,0.017324160
three_stage,fp16;blocks=36;matmul=4096,1,1,h2d,0.017315840
three_stage,fp16;blocks=36;matmul=4096,1,2,h2d,0.017289633
three_stage,fp16;blocks=36;matmul=4096,1,3,h2d,0.017377600
three_stage,fp16;blocks=36;matmul=4096,1,4,h2d,0.017463455
three_stage,fp16;blocks=36;matmul=4096,1,5,h2d,0.017507711
three_stage,fp16;blocks=36;matmul=4096,1,6,h2d,0.017373280
three_stage,fp16;blocks=36;matmul=4096,1,7,h2d,0.017397057
three_stage,fp16;blocks=36;matmul=4096,1,8,h2d,0.017362335
three_stage,fp16;blocks=36;matmul=4096,1,9,h2d,0.017402752
three_stage,fp16;blocks=36;matmul=4096,1,10,h2d,0.017380705
three_stage,fp16;blocks=36;matmul=4096,1,11,h2d,0.017400000
three_stage,fp16;blocks=36;matmul=4096,1,12,h2d,0.017374687
three_stage,fp16;blocks=36;matmul=4096,1,13,h2d,0.017336576
three_stage,fp16;blocks=36;matmul=4096,1,14,h2d,0.017528160
three_stage,fp16;blocks=36;matmul=4096,1,15,h2d,0.017370272
three_stage,fp16;blocks=36;matmul=4096,1,16,h2d,0.017476992
three_stage,fp16;blocks=36;matmul=4096,1,17,h2d,0.017500992
three_stage,fp16;blocks=36;matmul=4096,1,18,h2d,0.017409504
three_stage,fp16;blocks=36;matmul=4096,1,19,h2d,0.017431871
three_stage,fp16;blocks=36;matmul=4096,1,20,h2d,0.017339775
three_stage,fp16;blocks=36;matmul=4096,1,21,h2d,0.017336161
three_stage,fp16;blocks=36;matmul=4096,1,22,h2d,0.017298752
three_stage,fp16;blocks=36;matmul=4096,1,23,h2d,0.017344608
three_stage,fp16;blocks=36;matmul=4096,1,24,h2d,0.017445601
three_stage,fp16;blocks=36;matmul=4096,1,25,h2d,0.017339392
three_stage,fp16;blocks=36;matmul=4096,1,26,h2d,0.017326271
three_stage,fp16;blocks=36;matmul=4096,1,27,h2d,0.017351007
three_stage,fp16;blocks=36;matmul=4096,1,28,h2d,0.017388544
three_stage,fp16;blocks=36;matmul=4096,1,29,h2d,0.017359776
three_stage,fp16;blocks=36;matmul=4096,1,30,h2d,0.017476641
three_stage,fp16;blocks=36;matmul=4096,1,31,h2d,0.017460833
three_stage,fp16;blocks=36;matmul=4096,1,32,h2d,0.017333729
three_stage,fp16;blocks=36;matmul=4096,1,33,h2d,0.017515167
three_stage,fp16;blocks=36;matmul=4096,1,34,h2d,0.017364960
three_stage,fp16;blocks=36;matmul=4096,1,35,h2d,0.017282593
three_stage,fp16;blocks=36;matmul=4096,1,0,compute,0.044805119
three_stage,fp16;blocks=36;matmul=4096,1,1,compute,0.045613056
three_stage,fp16;blocks=36;matmul=4096,1,2,compute,0.052810753
three_stage,fp16;blocks=36;matmul=4096,1,3,compute,0.055049217
three_stage,fp16;blocks=36;matmul=4096,1,4,compute,0.045747200
three_stage,fp16;blocks=36;matmul=4096,1,5,compute,0.045185024
three_stage,fp16;blocks=36;matmul=4096,1,6,compute,0.045571072
three_stage,fp16;blocks=36;matmul=4096,1,7,compute,0.044260353
three_stage,fp16;blocks=36;matmul=4096,1,8,compute,0.046909439
three_stage,fp16;blocks=36;matmul=4096,1,9,compute,0.049452030
three_stage,fp16;blocks=36;matmul=4096,1,10,compute,0.054265858
three_stage,fp16;blocks=36;matmul=4096,1,11,compute,0.053563393
three_stage,fp16;blocks=36;matmul=4096,1,12,compute,0.050259968
three_stage,fp16;blocks=36;matmul=4096,1,13,compute,0.052927486
three_stage,fp16;blocks=36;matmul=4096,1,14,compute,0.050835457
three_stage,fp16;blocks=36;matmul=4096,1,15,compute,0.056651775
three_stage,fp16;blocks=36;matmul=4096,1,16,compute,0.053383167
three_stage,fp16;blocks=36;matmul=4096,1,17,compute,0.055236607
three_stage,fp16;blocks=36;matmul=4096,1,18,compute,0.049756161
three_stage,fp16;blocks=36;matmul=4096,1,19,compute,0.049637375
three_stage,fp16;blocks=36;matmul=4096,1,20,compute,0.049670143
three_stage,fp16;blocks=36;matmul=4096,1,21,compute,0.050436096
three_stage,fp16;blocks=36;matmul=4096,1,22,compute,0.054168575
three_stage,fp16;blocks=36;matmul=4096,1,23,compute,0.054505470
three_stage,fp16;blocks=36;matmul=4096,1,24,compute,0.049763329
three_stage,fp16;blocks=36;matmul=4096,1,25,compute,0.051618816
three_stage,fp16;blocks=36;matmul=4096,1,26,compute,0.052024319
three_stage,fp16;blocks=36;matmul=4096,1,27,compute,0.055189503
three_stage,fp16;blocks=36;matmul=4096,1,28,compute,0.052576256
three_stage,fp16;blocks=36;matmul=4096,1,29,compute,0.054288383
three_stage,fp16;blocks=36;matmul=4096,1,30,compute,0.051002369
three_stage,fp16;blocks=36;matmul=4096,1,31,compute,0.051026943
three_stage,fp16;blocks=36;matmul=4096,1,32,compute,0.054895615
three_stage,fp16;blocks=36;matmul=4096,1,33,compute,0.057631744
three_stage,fp16;blocks=36;matmul=4096,1,34,compute,0.051850239
three_stage,fp16;blocks=36;matmul=4096,1,35,compute,0.054385666
three_stage,fp16;blocks=36;matmul=4096,2,0,read,0.411186200
three_stage,fp16;blocks=36;matmul=4096,2,1,read,0.601423100
three_stage,fp16;blocks=36;matmul=4096,2,2,read,0.261844500
three_stage,fp16;blocks=36;matmul=4096,2,3,read,0.573582100
three_stage,fp16;blocks=36;matmul=4096,2,4,read,0.147309900
three_stage,fp16;blocks=36;matmul=4096,2,5,read,0.611968200
three_stage,fp16;blocks=36;matmul=4096,2,6,read,0.254492800
three_stage,fp16;blocks=36;matmul=4096,2,7,read,0.568552200
three_stage,fp16;blocks=36;matmul=4096,2,8,read,0.148952900
three_stage,fp16;blocks=36;matmul=4096,2,9,read,0.627406500
three_stage,fp16;blocks=36;matmul=4096,2,10,read,0.263490700
three_stage,fp16;blocks=36;matmul=4096,2,11,read,0.582582800
three_stage,fp16;blocks=36;matmul=4096,2,12,read,0.276661400
three_stage,fp16;blocks=36;matmul=4096,2,13,read,0.613035600
three_stage,fp16;blocks=36;matmul=4096,2,14,read,0.257421000
three_stage,fp16;blocks=36;matmul=4096,2,15,read,0.584114300
three_stage,fp16;blocks=36;matmul=4096,2,16,read,0.505938200
three_stage,fp16;blocks=36;matmul=4096,2,17,read,0.604655500
three_stage,fp16;blocks=36;matmul=4096,2,18,read,0.256918600
three_stage,fp16;blocks=36;matmul=4096,2,19,read,0.576023000
three_stage,fp16;blocks=36;matmul=4096,2,20,read,0.147942600
three_stage,fp16;blocks=36;matmul=4096,2,21,read,0.603599000
three_stage,fp16;blocks=36;matmul=4096,2,22,read,0.268134800
three_stage,fp16;blocks=36;matmul=4096,2,23,read,0.569395600
three_stage,fp16;blocks=36;matmul=4096,2,24,read,0.151159100
three_stage,fp16;blocks=36;matmul=4096,2,25,read,0.602774200
three_stage,fp16;blocks=36;matmul=4096,2,26,read,0.258452100
three_stage,fp16;blocks=36;matmul=4096,2,27,read,0.566904500
three_stage,fp16;blocks=36;matmul=4096,2,28,read,0.518229500
three_stage,fp16;blocks=36;matmul=4096,2,29,read,0.404258000
three_stage,fp16;blocks=36;matmul=4096,2,30,read,0.506656900
three_stage,fp16;blocks=36;matmul=4096,2,31,read,0.595047400
three_stage,fp16;blocks=36;matmul=4096,2,32,read,0.435500300
three_stage,fp16;blocks=36;matmul=4096,2,33,read,0.509789200
three_stage,fp16;blocks=36;matmul=4096,2,34,read,0.468755900
three_stage,fp16;blocks=36;matmul=4096,2,35,read,0.344371500
three_stage,fp16;blocks=36;matmul=4096,2,0,stage_copy,0.021919300
three_stage,fp16;blocks=36;matmul=4096,2,1,stage_copy,0.021610600
three_stage,fp16;blocks=36;matmul=4096,2,2,stage_copy,0.021640400
three_stage,fp16;blocks=36;matmul=4096,2,3,stage_copy,0.021892900
three_stage,fp16;blocks=36;matmul=4096,2,4,stage_copy,0.021286100
three_stage,fp16;blocks=36;matmul=4096,2,5,stage_copy,0.021621800
three_stage,fp16;blocks=36;matmul=4096,2,6,stage_copy,0.021289800
three_stage,fp16;blocks=36;matmul=4096,2,7,stage_copy,0.021373700
three_stage,fp16;blocks=36;matmul=4096,2,8,stage_copy,0.024424300
three_stage,fp16;blocks=36;matmul=4096,2,9,stage_copy,0.021628200
three_stage,fp16;blocks=36;matmul=4096,2,10,stage_copy,0.021511100
three_stage,fp16;blocks=36;matmul=4096,2,11,stage_copy,0.021332900
three_stage,fp16;blocks=36;matmul=4096,2,12,stage_copy,0.020844800
three_stage,fp16;blocks=36;matmul=4096,2,13,stage_copy,0.021221600
three_stage,fp16;blocks=36;matmul=4096,2,14,stage_copy,0.022417300
three_stage,fp16;blocks=36;matmul=4096,2,15,stage_copy,0.020914900
three_stage,fp16;blocks=36;matmul=4096,2,16,stage_copy,0.020869800
three_stage,fp16;blocks=36;matmul=4096,2,17,stage_copy,0.023072300
three_stage,fp16;blocks=36;matmul=4096,2,18,stage_copy,0.030516800
three_stage,fp16;blocks=36;matmul=4096,2,19,stage_copy,0.021591800
three_stage,fp16;blocks=36;matmul=4096,2,20,stage_copy,0.021764200
three_stage,fp16;blocks=36;matmul=4096,2,21,stage_copy,0.020982900
three_stage,fp16;blocks=36;matmul=4096,2,22,stage_copy,0.021595000
three_stage,fp16;blocks=36;matmul=4096,2,23,stage_copy,0.021864100
three_stage,fp16;blocks=36;matmul=4096,2,24,stage_copy,0.021358800
three_stage,fp16;blocks=36;matmul=4096,2,25,stage_copy,0.021368200
three_stage,fp16;blocks=36;matmul=4096,2,26,stage_copy,0.021558400
three_stage,fp16;blocks=36;matmul=4096,2,27,stage_copy,0.020955700
three_stage,fp16;blocks=36;matmul=4096,2,28,stage_copy,0.022108200
three_stage,fp16;blocks=36;matmul=4096,2,29,stage_copy,0.021627400
three_stage,fp16;blocks=36;matmul=4096,2,30,stage_copy,0.020848300
three_stage,fp16;blocks=36;matmul=4096,2,31,stage_copy,0.020869400
three_stage,fp16;blocks=36;matmul=4096,2,32,stage_copy,0.021044600
three_stage,fp16;blocks=36;matmul=4096,2,33,stage_copy,0.020758900
three_stage,fp16;blocks=36;matmul=4096,2,34,stage_copy,0.021417800
three_stage,fp16;blocks=36;matmul=4096,2,35,stage_copy,0.022824000
three_stage,fp16;blocks=36;matmul=4096,2,0,h2d,0.017350176
three_stage,fp16;blocks=36;matmul=4096,2,1,h2d,0.017498720
three_stage,fp16;blocks=36;matmul=4096,2,2,h2d,0.017359713
three_stage,fp16;blocks=36;matmul=4096,2,3,h2d,0.017395905
three_stage,fp16;blocks=36;matmul=4096,2,4,h2d,0.017476801
three_stage,fp16;blocks=36;matmul=4096,2,5,h2d,0.017503168
three_stage,fp16;blocks=36;matmul=4096,2,6,h2d,0.017335232
three_stage,fp16;blocks=36;matmul=4096,2,7,h2d,0.017402176
three_stage,fp16;blocks=36;matmul=4096,2,8,h2d,0.017923231
three_stage,fp16;blocks=36;matmul=4096,2,9,h2d,0.017417376
three_stage,fp16;blocks=36;matmul=4096,2,10,h2d,0.017382528
three_stage,fp16;blocks=36;matmul=4096,2,11,h2d,0.017516159
three_stage,fp16;blocks=36;matmul=4096,2,12,h2d,0.017365025
three_stage,fp16;blocks=36;matmul=4096,2,13,h2d,0.017422688
three_stage,fp16;blocks=36;matmul=4096,2,14,h2d,0.017390112
three_stage,fp16;blocks=36;matmul=4096,2,15,h2d,0.017377504
three_stage,fp16;blocks=36;matmul=4096,2,16,h2d,0.017398560
three_stage,fp16;blocks=36;matmul=4096,2,17,h2d,0.017344000
three_stage,fp16;blocks=36;matmul=4096,2,18,h2d,0.017547487
three_stage,fp16;blocks=36;matmul=4096,2,19,h2d,0.017315552
three_stage,fp16;blocks=36;matmul=4096,2,20,h2d,0.017324608
three_stage,fp16;blocks=36;matmul=4096,2,21,h2d,0.017419008
three_stage,fp16;blocks=36;matmul=4096,2,22,h2d,0.017434528
three_stage,fp16;blocks=36;matmul=4096,2,23,h2d,0.017363808
three_stage,fp16;blocks=36;matmul=4096,2,24,h2d,0.017393921
three_stage,fp16;blocks=36;matmul=4096,2,25,h2d,0.017392639
three_stage,fp16;blocks=36;matmul=4096,2,26,h2d,0.017379999
three_stage,fp16;blocks=36;matmul=4096,2,27,h2d,0.017300480
three_stage,fp16;blocks=36;matmul=4096,2,28,h2d,0.017490911
three_stage,fp16;blocks=36;matmul=4096,2,29,h2d,0.017300097
three_stage,fp16;blocks=36;matmul=4096,2,30,h2d,0.017303936
three_stage,fp16;blocks=36;matmul=4096,2,31,h2d,0.017388832
three_stage,fp16;blocks=36;matmul=4096,2,32,h2d,0.017447744
three_stage,fp16;blocks=36;matmul=4096,2,33,h2d,0.017336096
three_stage,fp16;blocks=36;matmul=4096,2,34,h2d,0.017308737
three_stage,fp16;blocks=36;matmul=4096,2,35,h2d,0.017251553
three_stage,fp16;blocks=36;matmul=4096,2,0,compute,0.042764290
three_stage,fp16;blocks=36;matmul=4096,2,1,compute,0.041640961
three_stage,fp16;blocks=36;matmul=4096,2,2,compute,0.046951424
three_stage,fp16;blocks=36;matmul=4096,2,3,compute,0.046453758
three_stage,fp16;blocks=36;matmul=4096,2,4,compute,0.052791294
three_stage,fp16;blocks=36;matmul=4096,2,5,compute,0.049278976
three_stage,fp16;blocks=36;matmul=4096,2,6,compute,0.056348671
three_stage,fp16;blocks=36;matmul=4096,2,7,compute,0.056857601
three_stage,fp16;blocks=36;matmul=4096,2,8,compute,0.046910465
three_stage,fp16;blocks=36;matmul=4096,2,9,compute,0.046783489
three_stage,fp16;blocks=36;matmul=4096,2,10,compute,0.046183426
three_stage,fp16;blocks=36;matmul=4096,2,11,compute,0.047221760
three_stage,fp16;blocks=36;matmul=4096,2,12,compute,0.053029888
three_stage,fp16;blocks=36;matmul=4096,2,13,compute,0.052328449
three_stage,fp16;blocks=36;matmul=4096,2,14,compute,0.055416832
three_stage,fp16;blocks=36;matmul=4096,2,15,compute,0.055193600
three_stage,fp16;blocks=36;matmul=4096,2,16,compute,0.052508671
three_stage,fp16;blocks=36;matmul=4096,2,17,compute,0.053340160
three_stage,fp16;blocks=36;matmul=4096,2,18,compute,0.050398209
three_stage,fp16;blocks=36;matmul=4096,2,19,compute,0.051304447
three_stage,fp16;blocks=36;matmul=4096,2,20,compute,0.055169025
three_stage,fp16;blocks=36;matmul=4096,2,21,compute,0.052214783
three_stage,fp16;blocks=36;matmul=4096,2,22,compute,0.052146175
three_stage,fp16;blocks=36;matmul=4096,2,23,compute,0.049104897
three_stage,fp16;blocks=36;matmul=4096,2,24,compute,0.049896446
three_stage,fp16;blocks=36;matmul=4096,2,25,compute,0.049634304
three_stage,fp16;blocks=36;matmul=4096,2,26,compute,0.045838337
three_stage,fp16;blocks=36;matmul=4096,2,27,compute,0.053519360
three_stage,fp16;blocks=36;matmul=4096,2,28,compute,0.051537922
three_stage,fp16;blocks=36;matmul=4096,2,29,compute,0.050350079
three_stage,fp16;blocks=36;matmul=4096,2,30,compute,0.052782082
three_stage,fp16;blocks=36;matmul=4096,2,31,compute,0.055236607
three_stage,fp16;blocks=36;matmul=4096,2,32,compute,0.051639297
three_stage,fp16;blocks=36;matmul=4096,2,33,compute,0.050114559
three_stage,fp16;blocks=36;matmul=4096,2,34,compute,0.050381824
three_stage,fp16;blocks=36;matmul=4096,2,35,compute,0.050028545
sync,fp16;blocks=36;matmul=4096,1,0,read,0.430272500
sync,fp16;blocks=36;matmul=4096,1,1,read,0.584395000
sync,fp16;blocks=36;matmul=4096,1,2,read,0.256157300
sync,fp16;blocks=36;matmul=4096,1,3,read,0.577615100
sync,fp16;blocks=36;matmul=4096,1,4,read,0.148794200
sync,fp16;blocks=36;matmul=4096,1,5,read,0.594936100
sync,fp16;blocks=36;matmul=4096,1,6,read,0.256490000
sync,fp16;blocks=36;matmul=4096,1,7,read,0.575499700
sync,fp16;blocks=36;matmul=4096,1,8,read,0.145691700
sync,fp16;blocks=36;matmul=4096,1,9,read,0.602254200
sync,fp16;blocks=36;matmul=4096,1,10,read,0.242918000
sync,fp16;blocks=36;matmul=4096,1,11,read,0.566907400
sync,fp16;blocks=36;matmul=4096,1,12,read,0.292326600
sync,fp16;blocks=36;matmul=4096,1,13,read,0.605814900
sync,fp16;blocks=36;matmul=4096,1,14,read,0.254324200
sync,fp16;blocks=36;matmul=4096,1,15,read,0.574700200
sync,fp16;blocks=36;matmul=4096,1,16,read,0.503586300
sync,fp16;blocks=36;matmul=4096,1,17,read,0.608859600
sync,fp16;blocks=36;matmul=4096,1,18,read,0.250214900
sync,fp16;blocks=36;matmul=4096,1,19,read,0.563069100
sync,fp16;blocks=36;matmul=4096,1,20,read,0.149150400
sync,fp16;blocks=36;matmul=4096,1,21,read,0.605482200
sync,fp16;blocks=36;matmul=4096,1,22,read,0.259132500
sync,fp16;blocks=36;matmul=4096,1,23,read,0.584013400
sync,fp16;blocks=36;matmul=4096,1,24,read,0.148317900
sync,fp16;blocks=36;matmul=4096,1,25,read,0.604870200
sync,fp16;blocks=36;matmul=4096,1,26,read,0.243699100
sync,fp16;blocks=36;matmul=4096,1,27,read,0.571279000
sync,fp16;blocks=36;matmul=4096,1,28,read,0.512479600
sync,fp16;blocks=36;matmul=4096,1,29,read,0.396053500
sync,fp16;blocks=36;matmul=4096,1,30,read,0.509297000
sync,fp16;blocks=36;matmul=4096,1,31,read,0.596491700
sync,fp16;blocks=36;matmul=4096,1,32,read,0.407484300
sync,fp16;blocks=36;matmul=4096,1,33,read,0.488430900
sync,fp16;blocks=36;matmul=4096,1,34,read,0.466352100
sync,fp16;blocks=36;matmul=4096,1,35,read,0.339888700
sync,fp16;blocks=36;matmul=4096,1,0,stage_copy,0.021710900
sync,fp16;blocks=36;matmul=4096,1,1,stage_copy,0.021795900
sync,fp16;blocks=36;matmul=4096,1,2,stage_copy,0.023140700
sync,fp16;blocks=36;matmul=4096,1,3,stage_copy,0.021252900
sync,fp16;blocks=36;matmul=4096,1,4,stage_copy,0.029570200
sync,fp16;blocks=36;matmul=4096,1,5,stage_copy,0.020852000
sync,fp16;blocks=36;matmul=4096,1,6,stage_copy,0.021692600
sync,fp16;blocks=36;matmul=4096,1,7,stage_copy,0.024734500
sync,fp16;blocks=36;matmul=4096,1,8,stage_copy,0.021174700
sync,fp16;blocks=36;matmul=4096,1,9,stage_copy,0.022225000
sync,fp16;blocks=36;matmul=4096,1,10,stage_copy,0.021831800
sync,fp16;blocks=36;matmul=4096,1,11,stage_copy,0.020605500
sync,fp16;blocks=36;matmul=4096,1,12,stage_copy,0.022679500
sync,fp16;blocks=36;matmul=4096,1,13,stage_copy,0.021432600
sync,fp16;blocks=36;matmul=4096,1,14,stage_copy,0.021371200
sync,fp16;blocks=36;matmul=4096,1,15,stage_copy,0.020672000
sync,fp16;blocks=36;matmul=4096,1,16,stage_copy,0.021943800
sync,fp16;blocks=36;matmul=4096,1,17,stage_copy,0.020892200
sync,fp16;blocks=36;matmul=4096,1,18,stage_copy,0.020755100
sync,fp16;blocks=36;matmul=4096,1,19,stage_copy,0.021734300
sync,fp16;blocks=36;matmul=4096,1,20,stage_copy,0.021356500
sync,fp16;blocks=36;matmul=4096,1,21,stage_copy,0.021022100
sync,fp16;blocks=36;matmul=4096,1,22,stage_copy,0.022338500
sync,fp16;blocks=36;matmul=4096,1,23,stage_copy,0.021546700
sync,fp16;blocks=36;matmul=4096,1,24,stage_copy,0.021956100
sync,fp16;blocks=36;matmul=4096,1,25,stage_copy,0.023258200
sync,fp16;blocks=36;matmul=4096,1,26,stage_copy,0.022154400
sync,fp16;blocks=36;matmul=4096,1,27,stage_copy,0.020997000
sync,fp16;blocks=36;matmul=4096,1,28,stage_copy,0.021018700
sync,fp16;blocks=36;matmul=4096,1,29,stage_copy,0.020978700
sync,fp16;blocks=36;matmul=4096,1,30,stage_copy,0.020470800
sync,fp16;blocks=36;matmul=4096,1,31,stage_copy,0.020529700
sync,fp16;blocks=36;matmul=4096,1,32,stage_copy,0.020260500
sync,fp16;blocks=36;matmul=4096,1,33,stage_copy,0.020565500
sync,fp16;blocks=36;matmul=4096,1,34,stage_copy,0.020540200
sync,fp16;blocks=36;matmul=4096,1,35,stage_copy,0.021840000
sync,fp16;blocks=36;matmul=4096,1,0,h2d,0.014947328
sync,fp16;blocks=36;matmul=4096,1,1,h2d,0.014896544
sync,fp16;blocks=36;matmul=4096,1,2,h2d,0.014928960
sync,fp16;blocks=36;matmul=4096,1,3,h2d,0.014880416
sync,fp16;blocks=36;matmul=4096,1,4,h2d,0.015048960
sync,fp16;blocks=36;matmul=4096,1,5,h2d,0.014920096
sync,fp16;blocks=36;matmul=4096,1,6,h2d,0.014973024
sync,fp16;blocks=36;matmul=4096,1,7,h2d,0.014985184
sync,fp16;blocks=36;matmul=4096,1,8,h2d,0.014890400
sync,fp16;blocks=36;matmul=4096,1,9,h2d,0.014995744
sync,fp16;blocks=36;matmul=4096,1,10,h2d,0.014905248
sync,fp16;blocks=36;matmul=4096,1,11,h2d,0.015027616
sync,fp16;blocks=36;matmul=4096,1,12,h2d,0.015136960
sync,fp16;blocks=36;matmul=4096,1,13,h2d,0.015675616
sync,fp16;blocks=36;matmul=4096,1,14,h2d,0.015733760
sync,fp16;blocks=36;matmul=4096,1,15,h2d,0.017283009
sync,fp16;blocks=36;matmul=4096,1,16,h2d,0.017420481
sync,fp16;blocks=36;matmul=4096,1,17,h2d,0.017310335
sync,fp16;blocks=36;matmul=4096,1,18,h2d,0.017336384
sync,fp16;blocks=36;matmul=4096,1,19,h2d,0.017327969
sync,fp16;blocks=36;matmul=4096,1,20,h2d,0.017343424
sync,fp16;blocks=36;matmul=4096,1,21,h2d,0.017403360
sync,fp16;blocks=36;matmul=4096,1,22,h2d,0.017322657
sync,fp16;blocks=36;matmul=4096,1,23,h2d,0.017290688
sync,fp16;blocks=36;matmul=4096,1,24,h2d,0.017493729
sync,fp16;blocks=36;matmul=4096,1,25,h2d,0.017434401
sync,fp16;blocks=36;matmul=4096,1,26,h2d,0.017328224
sync,fp16;blocks=36;matmul=4096,1,27,h2d,0.017336096
sync,fp16;blocks=36;matmul=4096,1,28,h2d,0.017291807
sync,fp16;blocks=36;matmul=4096,1,29,h2d,0.017315041
sync,fp16;blocks=36;matmul=4096,1,30,h2d,0.017278273
sync,fp16;blocks=36;matmul=4096,1,31,h2d,0.057817886
sync,fp16;blocks=36;matmul=4096,1,32,h2d,0.014862944
sync,fp16;blocks=36;matmul=4096,1,33,h2d,0.014933376
sync,fp16;blocks=36;matmul=4096,1,34,h2d,0.014905280
sync,fp16;blocks=36;matmul=4096,1,35,h2d,0.015001600
sync,fp16;blocks=36;matmul=4096,1,0,compute,0.099610657
sync,fp16;blocks=36;matmul=4096,1,1,compute,0.017786207
sync,fp16;blocks=36;matmul=4096,1,2,compute,0.016672544
sync,fp16;blocks=36;matmul=4096,1,3,compute,0.016288544
sync,fp16;blocks=36;matmul=4096,1,4,compute,0.016963585
sync,fp16;blocks=36;matmul=4096,1,5,compute,0.017988031
sync,fp16;blocks=36;matmul=4096,1,6,compute,0.016506784
sync,fp16;blocks=36;matmul=4096,1,7,compute,0.018545248
sync,fp16;blocks=36;matmul=4096,1,8,compute,0.016744513
sync,fp16;blocks=36;matmul=4096,1,9,compute,0.017852768
sync,fp16;blocks=36;matmul=4096,1,10,compute,0.017781153
sync,fp16;blocks=36;matmul=4096,1,11,compute,0.017843679
sync,fp16;blocks=36;matmul=4096,1,12,compute,0.018267103
sync,fp16;blocks=36;matmul=4096,1,13,compute,0.034711391
sync,fp16;blocks=36;matmul=4096,1,14,compute,0.034759838
sync,fp16;blocks=36;matmul=4096,1,15,compute,0.036903393
sync,fp16;blocks=36;matmul=4096,1,16,compute,0.038474689
sync,fp16;blocks=36;matmul=4096,1,17,compute,0.039693314
sync,fp16;blocks=36;matmul=4096,1,18,compute,0.040850239
sync,fp16;blocks=36;matmul=4096,1,19,compute,0.041862560
sync,fp16;blocks=36;matmul=4096,1,20,compute,0.043056927
sync,fp16;blocks=36;matmul=4096,1,21,compute,0.044454880
sync,fp16;blocks=36;matmul=4096,1,22,compute,0.045778465
sync,fp16;blocks=36;matmul=4096,1,23,compute,0.043022240
sync,fp16;blocks=36;matmul=4096,1,24,compute,0.043116673
sync,fp16;blocks=36;matmul=4096,1,25,compute,0.042263424
sync,fp16;blocks=36;matmul=4096,1,26,compute,0.042120735
sync,fp16;blocks=36;matmul=4096,1,27,compute,0.041819263
sync,fp16;blocks=36;matmul=4096,1,28,compute,0.042638622
sync,fp16;blocks=36;matmul=4096,1,29,compute,0.042839489
sync,fp16;blocks=36;matmul=4096,1,30,compute,0.042159615
sync,fp16;blocks=36;matmul=4096,1,31,compute,0.123711166
sync,fp16;blocks=36;matmul=4096,1,32,compute,0.016774273
sync,fp16;blocks=36;matmul=4096,1,33,compute,0.018236959
sync,fp16;blocks=36;matmul=4096,1,34,compute,0.017709248
sync,fp16;blocks=36;matmul=4096,1,35,compute,0.034134689
sync,fp16;blocks=36;matmul=4096,2,0,read,0.409996600
sync,fp16;blocks=36;matmul=4096,2,1,read,0.584514300
sync,fp16;blocks=36;matmul=4096,2,2,read,0.250374900
sync,fp16;blocks=36;matmul=4096,2,3,read,0.588407900
sync,fp16;blocks=36;matmul=4096,2,4,read,0.140405900
sync,fp16;blocks=36;matmul=4096,2,5,read,0.596840600
sync,fp16;blocks=36;matmul=4096,2,6,read,0.254704300
sync,fp16;blocks=36;matmul=4096,2,7,read,0.565566400
sync,fp16;blocks=36;matmul=4096,2,8,read,0.141326100
sync,fp16;blocks=36;matmul=4096,2,9,read,0.599061200
sync,fp16;blocks=36;matmul=4096,2,10,read,0.259280100
sync,fp16;blocks=36;matmul=4096,2,11,read,0.574141400
sync,fp16;blocks=36;matmul=4096,2,12,read,0.268781100
sync,fp16;blocks=36;matmul=4096,2,13,read,0.608091600
sync,fp16;blocks=36;matmul=4096,2,14,read,0.246206400
sync,fp16;blocks=36;matmul=4096,2,15,read,0.584967000
sync,fp16;blocks=36;matmul=4096,2,16,read,0.513012800
sync,fp16;blocks=36;matmul=4096,2,17,read,0.603839500
sync,fp16;blocks=36;matmul=4096,2,18,read,0.257487900
sync,fp16;blocks=36;matmul=4096,2,19,read,0.568257700
sync,fp16;blocks=36;matmul=4096,2,20,read,0.148254900
sync,fp16;blocks=36;matmul=4096,2,21,read,0.607374700
sync,fp16;blocks=36;matmul=4096,2,22,read,0.239022400
sync,fp16;blocks=36;matmul=4096,2,23,read,0.562287700
sync,fp16;blocks=36;matmul=4096,2,24,read,0.145710200
sync,fp16;blocks=36;matmul=4096,2,25,read,0.601320100
sync,fp16;blocks=36;matmul=4096,2,26,read,0.256085700
sync,fp16;blocks=36;matmul=4096,2,27,read,0.567764100
sync,fp16;blocks=36;matmul=4096,2,28,read,0.510319600
sync,fp16;blocks=36;matmul=4096,2,29,read,0.398218400
sync,fp16;blocks=36;matmul=4096,2,30,read,0.502203000
sync,fp16;blocks=36;matmul=4096,2,31,read,0.580759000
sync,fp16;blocks=36;matmul=4096,2,32,read,0.405201800
sync,fp16;blocks=36;matmul=4096,2,33,read,0.487530900
sync,fp16;blocks=36;matmul=4096,2,34,read,0.484879500
sync,fp16;blocks=36;matmul=4096,2,35,read,0.348308600
sync,fp16;blocks=36;matmul=4096,2,0,stage_copy,0.020642000
sync,fp16;blocks=36;matmul=4096,2,1,stage_copy,0.022532600
sync,fp16;blocks=36;matmul=4096,2,2,stage_copy,0.020596500
sync,fp16;blocks=36;matmul=4096,2,3,stage_copy,0.021381300
sync,fp16;blocks=36;matmul=4096,2,4,stage_copy,0.021184200
sync,fp16;blocks=36;matmul=4096,2,5,stage_copy,0.020926200
sync,fp16;blocks=36;matmul=4096,2,6,stage_copy,0.022990500
sync,fp16;blocks=36;matmul=4096,2,7,stage_copy,0.020942900
sync,fp16;blocks=36;matmul=4096,2,8,stage_copy,0.020312700
sync,fp16;blocks=36;matmul=4096,2,9,stage_copy,0.021058900
sync,fp16;blocks=36;matmul=4096,2,10,stage_copy,0.021305400
sync,fp16;blocks=36;matmul=4096,2,11,stage_copy,0.020668600
sync,fp16;blocks=36;matmul=4096,2,12,stage_copy,0.021361300
sync,fp16;blocks=36;matmul=4096,2,13,stage_copy,0.020989500
sync,fp16;blocks=36;matmul=4096,2,14,stage_copy,0.020520200
sync,fp16;blocks=36;matmul=4096,2,15,stage_copy,0.021436700
sync,fp16;blocks=36;matmul=4096,2,16,stage_copy,0.020576200
sync,fp16;blocks=36;matmul=4096,2,17,stage_copy,0.020972900
sync,fp16;blocks=36;matmul=4096,2,18,stage_copy,0.028525800
sync,fp16;blocks=36;matmul=4096,2,19,stage_copy,0.021530200
sync,fp16;blocks=36;matmul=4096,2,20,stage_copy,0.020413100
sync,fp16;blocks=36;matmul=4096,2,21,stage_copy,0.020999200
sync,fp16;blocks=36;matmul=4096,2,22,stage_copy,0.020387900
sync,fp16;blocks=36;matmul=4096,2,23,stage_copy,0.021267600
sync,fp16;blocks=36;matmul=4096,2,24,stage_copy,0.020498600
sync,fp16;blocks=36;matmul=4096,2,25,stage_copy,0.021427800
sync,fp16;blocks=36;matmul=4096,2,26,stage_copy,0.021446600
sync,fp16;blocks=36;matmul=4096,2,27,stage_copy,0.022457100
sync,fp16;blocks=36;matmul=4096,2,28,stage_copy,0.021380000
sync,fp16;blocks=36;matmul=4096,2,29,stage_copy,0.022095600
sync,fp16;blocks=36;matmul=4096,2,30,stage_copy,0.021490300
sync,fp16;blocks=36;matmul=4096,2,31,stage_copy,0.021230800
sync,fp16;blocks=36;matmul=4096,2,32,stage_copy,0.021606600
sync,fp16;blocks=36;matmul=4096,2,33,stage_copy,0.021537900
sync,fp16;blocks=36;matmul=4096,2,34,stage_copy,0.020998700
sync,fp16;blocks=36;matmul=4096,2,35,stage_copy,0.020252600
sync,fp16;blocks=36;matmul=4096,2,0,h2d,0.015745344
sync,fp16;blocks=36;matmul=4096,2,1,h2d,0.017427711
sync,fp16;blocks=36;matmul=4096,2,2,h2d,0.017336191
sync,fp16;blocks=36;matmul=4096,2,3,h2d,0.017375969
sync,fp16;blocks=36;matmul=4096,2,4,h2d,0.017332447
sync,fp16;blocks=36;matmul=4096,2,5,h2d,0.017299904
sync,fp16;blocks=36;matmul=4096,2,6,h2d,0.017372704
sync,fp16;blocks=36;matmul=4096,2,7,h2d,0.017297024
sync,fp16;blocks=36;matmul=4096,2,8,h2d,0.017362272
sync,fp16;blocks=36;matmul=4096,2,9,h2d,0.017330751
sync,fp16;blocks=36;matmul=4096,2,10,h2d,0.017314272
sync,fp16;blocks=36;matmul=4096,2,11,h2d,0.017591455
sync,fp16;blocks=36;matmul=4096,2,12,h2d,0.017260448
sync,fp16;blocks=36;matmul=4096,2,13,h2d,0.017306145
sync,fp16;blocks=36;matmul=4096,2,14,h2d,0.017291264
sync,fp16;blocks=36;matmul=4096,2,15,h2d,0.017275999
sync,fp16;blocks=36;matmul=4096,2,16,h2d,0.017328575
sync,fp16;blocks=36;matmul=4096,2,17,h2d,0.017322241
sync,fp16;blocks=36;matmul=4096,2,18,h2d,0.017409760
sync,fp16;blocks=36;matmul=4096,2,19,h2d,0.017293600
sync,fp16;blocks=36;matmul=4096,2,20,h2d,0.017456896
sync,fp16;blocks=36;matmul=4096,2,21,h2d,0.017373983
sync,fp16;blocks=36;matmul=4096,2,22,h2d,0.017341600
sync,fp16;blocks=36;matmul=4096,2,23,h2d,0.017274080
sync,fp16;blocks=36;matmul=4096,2,24,h2d,0.017280640
sync,fp16;blocks=36;matmul=4096,2,25,h2d,0.017286177
sync,fp16;blocks=36;matmul=4096,2,26,h2d,0.017385952
sync,fp16;blocks=36;matmul=4096,2,27,h2d,0.017405855
sync,fp16;blocks=36;matmul=4096,2,28,h2d,0.017345280
sync,fp16;blocks=36;matmul=4096,2,29,h2d,0.017606815
sync,fp16;blocks=36;matmul=4096,2,30,h2d,0.017310272
sync,fp16;blocks=36;matmul=4096,2,31,h2d,0.017277599
sync,fp16;blocks=36;matmul=4096,2,32,h2d,0.017340609
sync,fp16;blocks=36;matmul=4096,2,33,h2d,0.017404415
sync,fp16;blocks=36;matmul=4096,2,34,h2d,0.057851646
sync,fp16;blocks=36;matmul=4096,2,35,h2d,0.016113184
sync,fp16;blocks=36;matmul=4096,2,0,compute,0.035368992
sync,fp16;blocks=36;matmul=4096,2,1,compute,0.036635326
sync,fp16;blocks=36;matmul=4096,2,2,compute,0.036628223
sync,fp16;blocks=36;matmul=4096,2,3,compute,0.037787872
sync,fp16;blocks=36;matmul=4096,2,4,compute,0.038374977
sync,fp16;blocks=36;matmul=4096,2,5,compute,0.040838432
sync,fp16;blocks=36;matmul=4096,2,6,compute,0.042452255
sync,fp16;blocks=36;matmul=4096,2,7,compute,0.037921505
sync,fp16;blocks=36;matmul=4096,2,8,compute,0.042331776
sync,fp16;blocks=36;matmul=4096,2,9,compute,0.041371712
sync,fp16;blocks=36;matmul=4096,2,10,compute,0.039290657
sync,fp16;blocks=36;matmul=4096,2,11,compute,0.043497345
sync,fp16;blocks=36;matmul=4096,2,12,compute,0.042684639
sync,fp16;blocks=36;matmul=4096,2,13,compute,0.042209728
sync,fp16;blocks=36;matmul=4096,2,14,compute,0.042182400
sync,fp16;blocks=36;matmul=4096,2,15,compute,0.042452160
sync,fp16;blocks=36;matmul=4096,2,16,compute,0.040233761
sync,fp16;blocks=36;matmul=4096,2,17,compute,0.043938816
sync,fp16;blocks=36;matmul=4096,2,18,compute,0.042668289
sync,fp16;blocks=36;matmul=4096,2,19,compute,0.044762463
sync,fp16;blocks=36;matmul=4096,2,20,compute,0.042799458
sync,fp16;blocks=36;matmul=4096,2,21,compute,0.042582081
sync,fp16;blocks=36;matmul=4096,2,22,compute,0.042569183
sync,fp16;blocks=36;matmul=4096,2,23,compute,0.043166306
sync,fp16;blocks=36;matmul=4096,2,24,compute,0.041042110
sync,fp16;blocks=36;matmul=4096,2,25,compute,0.042109409
sync,fp16;blocks=36;matmul=4096,2,26,compute,0.042087841
sync,fp16;blocks=36;matmul=4096,2,27,compute,0.041643711
sync,fp16;blocks=36;matmul=4096,2,28,compute,0.041447456
sync,fp16;blocks=36;matmul=4096,2,29,compute,0.044872578
sync,fp16;blocks=36;matmul=4096,2,30,compute,0.043717888
sync,fp16;blocks=36;matmul=4096,2,31,compute,0.052644958
sync,fp16;blocks=36;matmul=4096,2,32,compute,0.050360863
sync,fp16;blocks=36;matmul=4096,2,33,compute,0.042561695
sync,fp16;blocks=36;matmul=4096,2,34,compute,0.112958046
sync,fp16;blocks=36;matmul=4096,2,35,compute,0.035166721
sync,fp16;blocks=36;matmul=4096,3,0,read,0.421206700
sync,fp16;blocks=36;matmul=4096,3,1,read,0.592062600
sync,fp16;blocks=36;matmul=4096,3,2,read,0.255241000
sync,fp16;blocks=36;matmul=4096,3,3,read,0.570622700
sync,fp16;blocks=36;matmul=4096,3,4,read,0.145340800
sync,fp16;blocks=36;matmul=4096,3,5,read,0.595878500
sync,fp16;blocks=36;matmul=4096,3,6,read,0.235782100
sync,fp16;blocks=36;matmul=4096,3,7,read,0.571145700
sync,fp16;blocks=36;matmul=4096,3,8,read,0.146910300
sync,fp16;blocks=36;matmul=4096,3,9,read,0.606999500
sync,fp16;blocks=36;matmul=4096,3,10,read,0.255543900
sync,fp16;blocks=36;matmul=4096,3,11,read,0.570618500
sync,fp16;blocks=36;matmul=4096,3,12,read,0.276889000
sync,fp16;blocks=36;matmul=4096,3,13,read,0.605207300
sync,fp16;blocks=36;matmul=4096,3,14,read,0.252290200
sync,fp16;blocks=36;matmul=4096,3,15,read,0.554525500
sync,fp16;blocks=36;matmul=4096,3,16,read,0.503964900
sync,fp16;blocks=36;matmul=4096,3,17,read,0.601401700
sync,fp16;blocks=36;matmul=4096,3,18,read,0.270523300
sync,fp16;blocks=36;matmul=4096,3,19,read,0.567042100
sync,fp16;blocks=36;matmul=4096,3,20,read,0.148967100
sync,fp16;blocks=36;matmul=4096,3,21,read,0.604219600
sync,fp16;blocks=36;matmul=4096,3,22,read,0.264926000
sync,fp16;blocks=36;matmul=4096,3,23,read,0.566103000
sync,fp16;blocks=36;matmul=4096,3,24,read,0.148793000
sync,fp16;blocks=36;matmul=4096,3,25,read,0.605297000
sync,fp16;blocks=36;matmul=4096,3,26,read,0.256301700
sync,fp16;blocks=36;matmul=4096,3,27,read,0.560116800
sync,fp16;blocks=36;matmul=4096,3,28,read,0.509018600
sync,fp16;blocks=36;matmul=4096,3,29,read,0.403282400
sync,fp16;blocks=36;matmul=4096,3,30,read,0.502736900
sync,fp16;blocks=36;matmul=4096,3,31,read,0.587485900
sync,fp16;blocks=36;matmul=4096,3,32,read,0.405929900
sync,fp16;blocks=36;matmul=4096,3,33,read,0.484128700
sync,fp16;blocks=36;matmul=4096,3,34,read,0.470175300
sync,fp16;blocks=36;matmul=4096,3,35,read,0.330902600
sync,fp16;blocks=36;matmul=4096,3,0,stage_copy,0.021154500
sync,fp16;blocks=36;matmul=4096,3,1,stage_copy,0.020552100
sync,fp16;blocks=36;matmul=4096,3,2,stage_copy,0.020668600
sync,fp16;blocks=36;matmul=4096,3,3,stage_copy,0.023151500
sync,fp16;blocks=36;matmul=4096,3,4,stage_copy,0.021586900
sync,fp16;blocks=36;matmul=4096,3,5,stage_copy,0.022169500
sync,fp16;blocks=36;matmul=4096,3,6,stage_copy,0.023657300
sync,fp16;blocks=36;matmul=4096,3,7,stage_copy,0.024793100
sync,fp16;blocks=36;matmul=4096,3,8,stage_copy,0.023527400
sync,fp16;blocks=36;matmul=4096,3,9,stage_copy,0.021412200
sync,fp16;blocks=36;matmul=4096,3,10,stage_copy,0.021388400
sync,fp16;blocks=36;matmul=4096,3,11,stage_copy,0.021211700
sync,fp16;blocks=36;matmul=4096,3,12,stage_copy,0.021858400
sync,fp16;blocks=36;matmul=4096,3,13,stage_copy,0.021434100
sync,fp16;blocks=36;matmul=4096,3,14,stage_copy,0.022110200
sync,fp16;blocks=36;matmul=4096,3,15,stage_copy,0.021460100
sync,fp16;blocks=36;matmul=4096,3,16,stage_copy,0.021519200
sync,fp16;blocks=36;matmul=4096,3,17,stage_copy,0.020116300
sync,fp16;blocks=36;matmul=4096,3,18,stage_copy,0.021464600
sync,fp16;blocks=36;matmul=4096,3,19,stage_copy,0.020178300
sync,fp16;blocks=36;matmul=4096,3,20,stage_copy,0.021752600
sync,fp16;blocks=36;matmul=4096,3,21,stage_copy,0.020785600
sync,fp16;blocks=36;matmul=4096,3,22,stage_copy,0.021100800
sync,fp16;blocks=36;matmul=4096,3,23,stage_copy,0.020623700
sync,fp16;blocks=36;matmul=4096,3,24,stage_copy,0.020423700
sync,fp16;blocks=36;matmul=4096,3,25,stage_copy,0.020343200
sync,fp16;blocks=36;matmul=4096,3,26,stage_copy,0.021666400
sync,fp16;blocks=36;matmul=4096,3,27,stage_copy,0.020638000
sync,fp16;blocks=36;matmul=4096,3,28,stage_copy,0.021607600
sync,fp16;blocks=36;matmul=4096,3,29,stage_copy,0.022579800
sync,fp16;blocks=36;matmul=4096,3,30,stage_copy,0.021203900
sync,fp16;blocks=36;matmul=4096,3,31,stage_copy,0.022327200
sync,fp16;blocks=36;matmul=4096,3,32,stage_copy,0.021294400
sync,fp16;blocks=36;matmul=4096,3,33,stage_copy,0.021436100
sync,fp16;blocks=36;matmul=4096,3,34,stage_copy,0.020988800
sync,fp16;blocks=36;matmul=4096,3,35,stage_copy,0.021162700
sync,fp16;blocks=36;matmul=4096,3,0,h2d,0.016130049
sync,fp16;blocks=36;matmul=4096,3,1,h2d,0.016116735
sync,fp16;blocks=36;matmul=4096,3,2,h2d,0.057829346
sync,fp16;blocks=36;matmul=4096,3,3,h2d,0.015022144
sync,fp16;blocks=36;matmul=4096,3,4,h2d,0.014921888
sync,fp16;blocks=36;matmul=4096,3,5,h2d,0.014979488
sync,fp16;blocks=36;matmul=4096,3,6,h2d,0.016346081
sync,fp16;blocks=36;matmul=4096,3,7,h2d,0.017420959
sync,fp16;blocks=36;matmul=4096,3,8,h2d,0.018191040
sync,fp16;blocks=36;matmul=4096,3,9,h2d,0.017259392
sync,fp16;blocks=36;matmul=4096,3,10,h2d,0.017277952
sync,fp16;blocks=36;matmul=4096,3,11,h2d,0.017380672
sync,fp16;blocks=36;matmul=4096,3,12,h2d,0.017276192
sync,fp16;blocks=36;matmul=4096,3,13,h2d,0.017316193
sync,fp16;blocks=36;matmul=4096,3,14,h2d,0.017388321
sync,fp16;blocks=36;matmul=4096,3,15,h2d,0.017325279
sync,fp16;blocks=36;matmul=4096,3,16,h2d,0.017449633
sync,fp16;blocks=36;matmul=4096,3,17,h2d,0.017302143
sync,fp16;blocks=36;matmul=4096,3,18,h2d,0.017270048
sync,fp16;blocks=36;matmul=4096,3,19,h2d,0.017311104
sync,fp16;blocks=36;matmul=4096,3,20,h2d,0.017369600
sync,fp16;blocks=36;matmul=4096,3,21,h2d,0.017453888
sync,fp16;blocks=36;matmul=4096,3,22,h2d,0.017308640
sync,fp16;blocks=36;matmul=4096,3,23,h2d,0.017511999
sync,fp16;blocks=36;matmul=4096,3,24,h2d,0.017325344
sync,fp16;blocks=36;matmul=4096,3,25,h2d,0.017271135
sync,fp16;blocks=36;matmul=4096,3,26,h2d,0.017447935
sync,fp16;blocks=36;matmul=4096,3,27,h2d,0.017253408
sync,fp16;blocks=36;matmul=4096,3,28,h2d,0.017306305
sync,fp16;blocks=36;matmul=4096,3,29,h2d,0.017314753
sync,fp16;blocks=36;matmul=4096,3,30,h2d,0.017280800
sync,fp16;blocks=36;matmul=4096,3,31,h2d,0.017306496
sync,fp16;blocks=36;matmul=4096,3,32,h2d,0.017394304
sync,fp16;blocks=36;matmul=4096,3,33,h2d,0.057794399
sync,fp16;blocks=36;matmul=4096,3,34,h2d,0.016711231
sync,fp16;blocks=36;matmul=4096,3,35,h2d,0.016731136
sync,fp16;blocks=36;matmul=4096,3,0,compute,0.034648449
sync,fp16;blocks=36;matmul=4096,3,1,compute,0.035335777
sync,fp16;blocks=36;matmul=4096,3,2,compute,0.090926079
sync,fp16;blocks=36;matmul=4096,3,3,compute,0.032411041
sync,fp16;blocks=36;matmul=4096,3,4,compute,0.033464642
sync,fp16;blocks=36;matmul=4096,3,5,compute,0.033277794
sync,fp16;blocks=36;matmul=4096,3,6,compute,0.036463966
sync,fp16;blocks=36;matmul=4096,3,7,compute,0.037480129
sync,fp16;blocks=36;matmul=4096,3,8,compute,0.036609154
sync,fp16;blocks=36;matmul=4096,3,9,compute,0.038664062
sync,fp16;blocks=36;matmul=4096,3,10,compute,0.039249760
sync,fp16;blocks=36;matmul=4096,3,11,compute,0.038888702
sync,fp16;blocks=36;matmul=4096,3,12,compute,0.041406433
sync,fp16;blocks=36;matmul=4096,3,13,compute,0.043681759
sync,fp16;blocks=36;matmul=4096,3,14,compute,0.041716450
sync,fp16;blocks=36;matmul=4096,3,15,compute,0.044531456
sync,fp16;blocks=36;matmul=4096,3,16,compute,0.042405823
sync,fp16;blocks=36;matmul=4096,3,17,compute,0.053851040
sync,fp16;blocks=36;matmul=4096,3,18,compute,0.045453503
sync,fp16;blocks=36;matmul=4096,3,19,compute,0.043137600
sync,fp16;blocks=36;matmul=4096,3,20,compute,0.043002014
sync,fp16;blocks=36;matmul=4096,3,21,compute,0.042537983
sync,fp16;blocks=36;matmul=4096,3,22,compute,0.043005280
sync,fp16;blocks=36;matmul=4096,3,23,compute,0.042541794
sync,fp16;blocks=36;matmul=4096,3,24,compute,0.045272160
sync,fp16;blocks=36;matmul=4096,3,25,compute,0.044129566
sync,fp16;blocks=36;matmul=4096,3,26,compute,0.043383713
sync,fp16;blocks=36;matmul=4096,3,27,compute,0.045181023
sync,fp16;blocks=36;matmul=4096,3,28,compute,0.042457249
sync,fp16;blocks=36;matmul=4096,3,29,compute,0.040605919
sync,fp16;blocks=36;matmul=4096,3,30,compute,0.041991329
sync,fp16;blocks=36;matmul=4096,3,31,compute,0.042089630
sync,fp16;blocks=36;matmul=4096,3,32,compute,0.043779617
sync,fp16;blocks=36;matmul=4096,3,33,compute,0.114408897
sync,fp16;blocks=36;matmul=4096,3,34,compute,0.034748543
sync,fp16;blocks=36;matmul=4096,3,35,compute,0.035271198
double_buffer,fp16;blocks=36;matmul=4096,1,0,read,0.403886000
double_buffer,fp16;blocks=36;matmul=4096,1,1,read,0.597608100
double_buffer,fp16;blocks=36;matmul=4096,1,2,read,0.240457800
double_buffer,fp16;blocks=36;matmul=4096,1,3,read,0.567652100
double_buffer,fp16;blocks=36;matmul=4096,1,4,read,0.143231200
double_buffer,fp16;blocks=36;matmul=4096,1,5,read,0.598820200
double_buffer,fp16;blocks=36;matmul=4096,1,6,read,0.261519300
double_buffer,fp16;blocks=36;matmul=4096,1,7,read,0.562156900
double_buffer,fp16;blocks=36;matmul=4096,1,8,read,0.141812900
double_buffer,fp16;blocks=36;matmul=4096,1,9,read,0.608568500
double_buffer,fp16;blocks=36;matmul=4096,1,10,read,0.246133900
double_buffer,fp16;blocks=36;matmul=4096,1,11,read,0.562452400
double_buffer,fp16;blocks=36;matmul=4096,1,12,read,0.264397200
double_buffer,fp16;blocks=36;matmul=4096,1,13,read,0.610652300
double_buffer,fp16;blocks=36;matmul=4096,1,14,read,0.242250100
double_buffer,fp16;blocks=36;matmul=4096,1,15,read,0.563974400
double_buffer,fp16;blocks=36;matmul=4096,1,16,read,0.506763900
double_buffer,fp16;blocks=36;matmul=4096,1,17,read,0.604376400
double_buffer,fp16;blocks=36;matmul=4096,1,18,read,0.263392000
double_buffer,fp16;blocks=36;matmul=4096,1,19,read,0.568855900
double_buffer,fp16;blocks=36;matmul=4096,1,20,read,0.146191800
double_buffer,fp16;blocks=36;matmul=4096,1,21,read,0.602381000
double_buffer,fp16;blocks=36;matmul=4096,1,22,read,0.258340600
double_buffer,fp16;blocks=36;matmul=4096,1,23,read,0.564788800
double_buffer,fp16;blocks=36;matmul=4096,1,24,read,0.167954700
double_buffer,fp16;blocks=36;matmul=4096,1,25,read,0.607156600
double_buffer,fp16;blocks=36;matmul=4096,1,26,read,0.250691000
double_buffer,fp16;blocks=36;matmul=4096,1,27,read,0.566647100
double_buffer,fp16;blocks=36;matmul=4096,1,28,read,0.513949500
double_buffer,fp16;blocks=36;matmul=4096,1,29,read,0.395555000
double_buffer,fp16;blocks=36;matmul=4096,1,30,read,0.504722400
double_buffer,fp16;blocks=36;matmul=4096,1,31,read,0.580939200
double_buffer,fp16;blocks=36;matmul=4096,1,32,read,0.413492400
double_buffer,fp16;blocks=36;matmul=4096,1,33,read,0.497819700
double_buffer,fp16;blocks=36;matmul=4096,1,34,read,0.462552400
double_buffer,fp16;blocks=36;matmul=4096,1,35,read,0.334295500
double_buffer,fp16;blocks=36;matmul=4096,1,0,stage_copy,0.020717700
double_buffer,fp16;blocks=36;matmul=4096,1,1,stage_copy,0.020799600
double_buffer,fp16;blocks=36;matmul=4096,1,2,stage_copy,0.020835000
double_buffer,fp16;blocks=36;matmul=4096,1,3,stage_copy,0.020885700
double_buffer,fp16;blocks=36;matmul=4096,1,4,stage_copy,0.020519900
double_buffer,fp16;blocks=36;matmul=4096,1,5,stage_copy,0.021720900
double_buffer,fp16;blocks=36;matmul=4096,1,6,stage_copy,0.020958800
double_buffer,fp16;blocks=36;matmul=4096,1,7,stage_copy,0.020621600
double_buffer,fp16;blocks=36;matmul=4096,1,8,stage_copy,0.023320300
double_buffer,fp16;blocks=36;matmul=4096,1,9,stage_copy,0.021073300
double_buffer,fp16;blocks=36;matmul=4096,1,10,stage_copy,0.020501400
double_buffer,fp16;blocks=36;matmul=4096,1,11,stage_copy,0.021115900
double_buffer,fp16;blocks=36;matmul=4096,1,12,stage_copy,0.020502100
double_buffer,fp16;blocks=36;matmul=4096,1,13,stage_copy,0.023405400
double_buffer,fp16;blocks=36;matmul=4096,1,14,stage_copy,0.021852000
double_buffer,fp16;blocks=36;matmul=4096,1,15,stage_copy,0.025023900
double_buffer,fp16;blocks=36;matmul=4096,1,16,stage_copy,0.021152400
double_buffer,fp16;blocks=36;matmul=4096,1,17,stage_copy,0.022255000
double_buffer,fp16;blocks=36;matmul=4096,1,18,stage_copy,0.021573500
double_buffer,fp16;blocks=36;matmul=4096,1,19,stage_copy,0.021159100
double_buffer,fp16;blocks=36;matmul=4096,1,20,stage_copy,0.022397500
double_buffer,fp16;blocks=36;matmul=4096,1,21,stage_copy,0.021594500
double_buffer,fp16;blocks=36;matmul=4096,1,22,stage_copy,0.021271400
double_buffer,fp16;blocks=36;matmul=4096,1,23,stage_copy,0.021247700
double_buffer,fp16;blocks=36;matmul=4096,1,24,stage_copy,0.021896300
double_buffer,fp16;blocks=36;matmul=4096,1,25,stage_copy,0.021164400
double_buffer,fp16;blocks=36;matmul=4096,1,26,stage_copy,0.022452500
double_buffer,fp16;blocks=36;matmul=4096,1,27,stage_copy,0.023557700
double_buffer,fp16;blocks=36;matmul=4096,1,28,stage_copy,0.021439000
double_buffer,fp16;blocks=36;matmul=4096,1,29,stage_copy,0.020960700
double_buffer,fp16;blocks=36;matmul=4096,1,30,stage_copy,0.021894800
double_buffer,fp16;blocks=36;matmul=4096,1,31,stage_copy,0.020899100
double_buffer,fp16;blocks=36;matmul=4096,1,32,stage_copy,0.023866000
double_buffer,fp16;blocks=36;matmul=4096,1,33,stage_copy,0.020700400
double_buffer,fp16;blocks=36;matmul=4096,1,34,stage_copy,0.023271200
double_buffer,fp16;blocks=36;matmul=4096,1,35,stage_copy,0.021321600
double_buffer,fp16;blocks=36;matmul=4096,1,0,h2d,0.016745152
double_buffer,fp16;blocks=36;matmul=4096,1,1,h2d,0.062369152
double_buffer,fp16;blocks=36;matmul=4096,1,2,h2d,0.014976480
double_buffer,fp16;blocks=36;matmul=4096,1,3,h2d,0.015112384
double_buffer,fp16;blocks=36;matmul=4096,1,4,h2d,0.015207552
double_buffer,fp16;blocks=36;matmul=4096,1,5,h2d,0.015207584
double_buffer,fp16;blocks=36;matmul=4096,1,6,h2d,0.015113248
double_buffer,fp16;blocks=36;matmul=4096,1,7,h2d,0.017363840
double_buffer,fp16;blocks=36;matmul=4096,1,8,h2d,0.017533377
double_buffer,fp16;blocks=36;matmul=4096,1,9,h2d,0.017329887
double_buffer,fp16;blocks=36;matmul=4096,1,10,h2d,0.017471231
double_buffer,fp16;blocks=36;matmul=4096,1,11,h2d,0.017415327
double_buffer,fp16;blocks=36;matmul=4096,1,12,h2d,0.017390848
double_buffer,fp16;blocks=36;matmul=4096,1,13,h2d,0.017455744
double_buffer,fp16;blocks=36;matmul=4096,1,14,h2d,0.017416960
double_buffer,fp16;blocks=36;matmul=4096,1,15,h2d,0.017544800
double_buffer,fp16;blocks=36;matmul=4096,1,16,h2d,0.017341536
double_buffer,fp16;blocks=36;matmul=4096,1,17,h2d,0.017430143
double_buffer,fp16;blocks=36;matmul=4096,1,18,h2d,0.017336224
double_buffer,fp16;blocks=36;matmul=4096,1,19,h2d,0.017406048
double_buffer,fp16;blocks=36;matmul=4096,1,20,h2d,0.017479168
double_buffer,fp16;blocks=36;matmul=4096,1,21,h2d,0.017513056
double_buffer,fp16;blocks=36;matmul=4096,1,22,h2d,0.017575457
double_buffer,fp16;blocks=36;matmul=4096,1,23,h2d,0.017486496
double_buffer,fp16;blocks=36;matmul=4096,1,24,h2d,0.017354656
double_buffer,fp16;blocks=36;matmul=4096,1,25,h2d,0.017432896
double_buffer,fp16;blocks=36;matmul=4096,1,26,h2d,0.017324415
double_buffer,fp16;blocks=36;matmul=4096,1,27,h2d,0.017383455
double_buffer,fp16;blocks=36;matmul=4096,1,28,h2d,0.017336256
double_buffer,fp16;blocks=36;matmul=4096,1,29,h2d,0.017361504
double_buffer,fp16;blocks=36;matmul=4096,1,30,h2d,0.017345600
double_buffer,fp16;blocks=36;matmul=4096,1,31,h2d,0.017385248
double_buffer,fp16;blocks=36;matmul=4096,1,32,h2d,0.017468832
double_buffer,fp16;blocks=36;matmul=4096,1,33,h2d,0.017367584
double_buffer,fp16;blocks=36;matmul=4096,1,34,h2d,0.017477089
double_buffer,fp16;blocks=36;matmul=4096,1,35,h2d,0.017267391
double_buffer,fp16;blocks=36;matmul=4096,1,0,compute,0.191252487
double_buffer,fp16;blocks=36;matmul=4096,1,1,compute,0.018204672
double_buffer,fp16;blocks=36;matmul=4096,1,2,compute,0.019334145
double_buffer,fp16;blocks=36;matmul=4096,1,3,compute,0.019091455
double_buffer,fp16;blocks=36;matmul=4096,1,4,compute,0.018411520
double_buffer,fp16;blocks=36;matmul=4096,1,5,compute,0.018748417
double_buffer,fp16;blocks=36;matmul=4096,1,6,compute,0.039772160
double_buffer,fp16;blocks=36;matmul=4096,1,7,compute,0.038753281
double_buffer,fp16;blocks=36;matmul=4096,1,8,compute,0.040453121
double_buffer,fp16;blocks=36;matmul=4096,1,9,compute,0.039601151
double_buffer,fp16;blocks=36;matmul=4096,1,10,compute,0.040702976
double_buffer,fp16;blocks=36;matmul=4096,1,11,compute,0.041605122
double_buffer,fp16;blocks=36;matmul=4096,1,12,compute,0.044338177
double_buffer,fp16;blocks=36;matmul=4096,1,13,compute,0.043731968
double_buffer,fp16;blocks=36;matmul=4096,1,14,compute,0.050201599
double_buffer,fp16;blocks=36;matmul=4096,1,15,compute,0.051503105
double_buffer,fp16;blocks=36;matmul=4096,1,16,compute,0.055743488
double_buffer,fp16;blocks=36;matmul=4096,1,17,compute,0.056510464
double_buffer,fp16;blocks=36;matmul=4096,1,18,compute,0.051438591
double_buffer,fp16;blocks=36;matmul=4096,1,19,compute,0.053742592
double_buffer,fp16;blocks=36;matmul=4096,1,20,compute,0.043572224
double_buffer,fp16;blocks=36;matmul=4096,1,21,compute,0.044706818
double_buffer,fp16;blocks=36;matmul=4096,1,22,compute,0.043846657
double_buffer,fp16;blocks=36;matmul=4096,1,23,compute,0.043467777
double_buffer,fp16;blocks=36;matmul=4096,1,24,compute,0.049597439
double_buffer,fp16;blocks=36;matmul=4096,1,25,compute,0.049751041
double_buffer,fp16;blocks=36;matmul=4096,1,26,compute,0.051227650
double_buffer,fp16;blocks=36;matmul=4096,1,27,compute,0.056055809
double_buffer,fp16;blocks=36;matmul=4096,1,28,compute,0.053740543
double_buffer,fp16;blocks=36;matmul=4096,1,29,compute,0.050113537
double_buffer,fp16;blocks=36;matmul=4096,1,30,compute,0.051293182
double_buffer,fp16;blocks=36;matmul=4096,1,31,compute,0.052254719
double_buffer,fp16;blocks=36;matmul=4096,1,32,compute,0.053895168
double_buffer,fp16;blocks=36;matmul=4096,1,33,compute,0.061137920
double_buffer,fp16;blocks=36;matmul=4096,1,34,compute,0.053054462
double_buffer,fp16;blocks=36;matmul=4096,1,35,compute,0.050196480
double_buffer,fp16;blocks=36;matmul=4096,2,0,read,0.406706200
double_buffer,fp16;blocks=36;matmul=4096,2,1,read,0.580681700
double_buffer,fp16;blocks=36;matmul=4096,2,2,read,0.238874500
double_buffer,fp16;blocks=36;matmul=4096,2,3,read,0.565293400
double_buffer,fp16;blocks=36;matmul=4096,2,4,read,0.140417300
double_buffer,fp16;blocks=36;matmul=4096,2,5,read,0.603345600
double_buffer,fp16;blocks=36;matmul=4096,2,6,read,0.246806900
double_buffer,fp16;blocks=36;matmul=4096,2,7,read,0.562696600
double_buffer,fp16;blocks=36;matmul=4096,2,8,read,0.144838000
double_buffer,fp16;blocks=36;matmul=4096,2,9,read,0.605620900
double_buffer,fp16;blocks=36;matmul=4096,2,10,read,0.278681500
double_buffer,fp16;blocks=36;matmul=4096,2,11,read,0.575032300
double_buffer,fp16;blocks=36;matmul=4096,2,12,read,0.261419000
double_buffer,fp16;blocks=36;matmul=4096,2,13,read,0.605965100
double_buffer,fp16;blocks=36;matmul=4096,2,14,read,0.263348600
double_buffer,fp16;blocks=36;matmul=4096,2,15,read,0.563834400
double_buffer,fp16;blocks=36;matmul=4096,2,16,read,0.506521100
double_buffer,fp16;blocks=36;matmul=4096,2,17,read,0.598872400
double_buffer,fp16;blocks=36;matmul=4096,2,18,read,0.258247400
double_buffer,fp16;blocks=36;matmul=4096,2,19,read,0.561726300
double_buffer,fp16;blocks=36;matmul=4096,2,20,read,0.143852100
double_buffer,fp16;blocks=36;matmul=4096,2,21,read,0.607407800
double_buffer,fp16;blocks=36;matmul=4096,2,22,read,0.251377600
double_buffer,fp16;blocks=36;matmul=4096,2,23,read,0.570519400
double_buffer,fp16;blocks=36;matmul=4096,2,24,read,0.144424100
double_buffer,fp16;blocks=36;matmul=4096,2,25,read,0.600911400
double_buffer,fp16;blocks=36;matmul=4096,2,26,read,0.237861800
double_buffer,fp16;blocks=36;matmul=4096,2,27,read,0.569852900
double_buffer,fp16;blocks=36;matmul=4096,2,28,read,0.513182900
double_buffer,fp16;blocks=36;matmul=4096,2,29,read,0.393831800
double_buffer,fp16;blocks=36;matmul=4096,2,30,read,0.505807000
double_buffer,fp16;blocks=36;matmul=4096,2,31,read,0.605025000
double_buffer,fp16;blocks=36;matmul=4096,2,32,read,0.406676700
double_buffer,fp16;blocks=36;matmul=4096,2,33,read,0.484837300
double_buffer,fp16;blocks=36;matmul=4096,2,34,read,0.470356200
double_buffer,fp16;blocks=36;matmul=4096,2,35,read,0.339880700
double_buffer,fp16;blocks=36;matmul=4096,2,0,stage_copy,0.020880900
double_buffer,fp16;blocks=36;matmul=4096,2,1,stage_copy,0.020944300
double_buffer,fp16;blocks=36;matmul=4096,2,2,stage_copy,0.020732800
double_buffer,fp16;blocks=36;matmul=4096,2,3,stage_copy,0.020986600
double_buffer,fp16;blocks=36;matmul=4096,2,4,stage_copy,0.020958900
double_buffer,fp16;blocks=36;matmul=4096,2,5,stage_copy,0.021094500
double_buffer,fp16;blocks=36;matmul=4096,2,6,stage_copy,0.020761900
double_buffer,fp16;blocks=36;matmul=4096,2,7,stage_copy,0.022544100
double_buffer,fp16;blocks=36;matmul=4096,2,8,stage_copy,0.022559300
double_buffer,fp16;blocks=36;matmul=4096,2,9,stage_copy,0.021181100
double_buffer,fp16;blocks=36;matmul=4096,2,10,stage_copy,0.026851400
double_buffer,fp16;blocks=36;matmul=4096,2,11,stage_copy,0.022297300
double_buffer,fp16;blocks=36;matmul=4096,2,12,stage_copy,0.020693600
double_buffer,fp16;blocks=36;matmul=4096,2,13,stage_copy,0.021609200
double_buffer,fp16;blocks=36;matmul=4096,2,14,stage_copy,0.021191300
double_buffer,fp16;blocks=36;matmul=4096,2,15,stage_copy,0.031807500
double_buffer,fp16;blocks=36;matmul=4096,2,16,stage_copy,0.021792800
double_buffer,fp16;blocks=36;matmul=4096,2,17,stage_copy,0.020716800
double_buffer,fp16;blocks=36;matmul=4096,2,18,stage_copy,0.020361300
double_buffer,fp16;blocks=36;matmul=4096,2,19,stage_copy,0.022215100
double_buffer,fp16;blocks=36;matmul=4096,2,20,stage_copy,0.020725900
double_buffer,fp16;blocks=36;matmul=4096,2,21,stage_copy,0.021137000
double_buffer,fp16;blocks=36;matmul=4096,2,22,stage_copy,0.022043000
double_buffer,fp16;blocks=36;matmul=4096,2,23,stage_copy,0.020710700
double_buffer,fp16;blocks=36;matmul=4096,2,24,stage_copy,0.021505900
double_buffer,fp16;blocks=36;matmul=4096,2,25,stage_copy,0.021061700
double_buffer,fp16;blocks=36;matmul=4096,2,26,stage_copy,0.021057100
double_buffer,fp16;blocks=36;matmul=4096,2,27,stage_copy,0.021076800
double_buffer,fp16;blocks=36;matmul=4096,2,28,stage_copy,0.021062300
double_buffer,fp16;blocks=36;matmul=4096,2,29,stage_copy,0.022121600
double_buffer,fp16;blocks=36;matmul=4096,2,30,stage_copy,0.021059000
double_buffer,fp16;blocks=36;matmul=4096,2,31,stage_copy,0.022006500
double_buffer,fp16;blocks=36;matmul=4096,2,32,stage_copy,0.020826900
double_buffer,fp16;blocks=36;matmul=4096,2,33,stage_copy,0.021219200
double_buffer,fp16;blocks=36;matmul=4096,2,34,stage_copy,0.020464400
double_buffer,fp16;blocks=36;matmul=4096,2,35,stage_copy,0.020381800
double_buffer,fp16;blocks=36;matmul=4096,2,0,h2d,0.017392128
double_buffer,fp16;blocks=36;matmul=4096,2,1,h2d,0.017382496
double_buffer,fp16;blocks=36;matmul=4096,2,2,h2d,0.017568800
double_buffer,fp16;blocks=36;matmul=4096,2,3,h2d,0.017592096
double_buffer,fp16;blocks=36;matmul=4096,2,4,h2d,0.017489023
double_buffer,fp16;blocks=36;matmul=4096,2,5,h2d,0.017470495
double_buffer,fp16;blocks=36;matmul=4096,2,6,h2d,0.017454687
double_buffer,fp16;blocks=36;matmul=4096,2,7,h2d,0.017481407
double_buffer,fp16;blocks=36;matmul=4096,2,8,h2d,0.017337761
double_buffer,fp16;blocks=36;matmul=4096,2,9,h2d,0.017371296
double_buffer,fp16;blocks=36;matmul=4096,2,10,h2d,0.017589664
double_buffer,fp16;blocks=36;matmul=4096,2,11,h2d,0.017447264
double_buffer,fp16;blocks=36;matmul=4096,2,12,h2d,0.017703297
double_buffer,fp16;blocks=36;matmul=4096,2,13,h2d,0.017415648
double_buffer,fp16;blocks=36;matmul=4096,2,14,h2d,0.017367935
double_buffer,fp16;blocks=36;matmul=4096,2,15,h2d,0.017621056
double_buffer,fp16;blocks=36;matmul=4096,2,16,h2d,0.017388960
double_buffer,fp16;blocks=36;matmul=4096,2,17,h2d,0.017288321
double_buffer,fp16;blocks=36;matmul=4096,2,18,h2d,0.017385887
double_buffer,fp16;blocks=36;matmul=4096,2,19,h2d,0.017479744
double_buffer,fp16;blocks=36;matmul=4096,2,20,h2d,0.017333441
double_buffer,fp16;blocks=36;matmul=4096,2,21,h2d,0.017382944
double_buffer,fp16;blocks=36;matmul=4096,2,22,h2d,0.017529760
double_buffer,fp16;blocks=36;matmul=4096,2,23,h2d,0.017490017
double_buffer,fp16;blocks=36;matmul=4096,2,24,h2d,0.017375233
double_buffer,fp16;blocks=36;matmul=4096,2,25,h2d,0.017429344
double_buffer,fp16;blocks=36;matmul=4096,2,26,h2d,0.017481440
double_buffer,fp16;blocks=36;matmul=4096,2,27,h2d,0.017479008
double_buffer,fp16;blocks=36;matmul=4096,2,28,h2d,0.017399584
double_buffer,fp16;blocks=36;matmul=4096,2,29,h2d,0.017628160
double_buffer,fp16;blocks=36;matmul=4096,2,30,h2d,0.017437248
double_buffer,fp16;blocks=36;matmul=4096,2,31,h2d,0.017673409
double_buffer,fp16;blocks=36;matmul=4096,2,32,h2d,0.017304895
double_buffer,fp16;blocks=36;matmul=4096,2,33,h2d,0.017338367
double_buffer,fp16;blocks=36;matmul=4096,2,34,h2d,0.017341856
double_buffer,fp16;blocks=36;matmul=4096,2,35,h2d,0.017293280
double_buffer,fp16;blocks=36;matmul=4096,2,0,compute,0.041832447
double_buffer,fp16;blocks=36;matmul=4096,2,1,compute,0.042421249
double_buffer,fp16;blocks=36;matmul=4096,2,2,compute,0.043649025
double_buffer,fp16;blocks=36;matmul=4096,2,3,compute,0.046849026
double_buffer,fp16;blocks=36;matmul=4096,2,4,compute,0.041474049
double_buffer,fp16;blocks=36;matmul=4096,2,5,compute,0.041080833
double_buffer,fp16;blocks=36;matmul=4096,2,6,compute,0.042001408
double_buffer,fp16;blocks=36;matmul=4096,2,7,compute,0.041461761
double_buffer,fp16;blocks=36;matmul=4096,2,8,compute,0.046232574
double_buffer,fp16;blocks=36;matmul=4096,2,9,compute,0.056173569
double_buffer,fp16;blocks=36;matmul=4096,2,10,compute,0.050890751
double_buffer,fp16;blocks=36;matmul=4096,2,11,compute,0.049437695
double_buffer,fp16;blocks=36;matmul=4096,2,12,compute,0.049625088
double_buffer,fp16;blocks=36;matmul=4096,2,13,compute,0.050278400
double_buffer,fp16;blocks=36;matmul=4096,2,14,compute,0.056104961
double_buffer,fp16;blocks=36;matmul=4096,2,15,compute,0.050385921
double_buffer,fp16;blocks=36;matmul=4096,2,16,compute,0.052402176
double_buffer,fp16;blocks=36;matmul=4096,2,17,compute,0.053517311
double_buffer,fp16;blocks=36;matmul=4096,2,18,compute,0.056371201
double_buffer,fp16;blocks=36;matmul=4096,2,19,compute,0.055515137
double_buffer,fp16;blocks=36;matmul=4096,2,20,compute,0.050012161
double_buffer,fp16;blocks=36;matmul=4096,2,21,compute,0.049951744
double_buffer,fp16;blocks=36;matmul=4096,2,22,compute,0.052475903
double_buffer,fp16;blocks=36;matmul=4096,2,23,compute,0.052025345
double_buffer,fp16;blocks=36;matmul=4096,2,24,compute,0.043663361
double_buffer,fp16;blocks=36;matmul=4096,2,25,compute,0.046629887
double_buffer,fp16;blocks=36;matmul=4096,2,26,compute,0.046279678
double_buffer,fp16;blocks=36;matmul=4096,2,27,compute,0.049414143
double_buffer,fp16;blocks=36;matmul=4096,2,28,compute,0.052575233
double_buffer,fp16;blocks=36;matmul=4096,2,29,compute,0.050630657
double_buffer,fp16;blocks=36;matmul=4096,2,30,compute,0.056333313
double_buffer,fp16;blocks=36;matmul=4096,2,31,compute,0.062526463
double_buffer,fp16;blocks=36;matmul=4096,2,32,compute,0.063723518
double_buffer,fp16;blocks=36;matmul=4096,2,33,compute,0.055648254
double_buffer,fp16;blocks=36;matmul=4096,2,34,compute,0.055334911
double_buffer,fp16;blocks=36;matmul=4096,2,35,compute,0.053787647
double_buffer,fp16;blocks=36;matmul=4096,3,0,read,0.410962000
double_buffer,fp16;blocks=36;matmul=4096,3,1,read,0.583659200
double_buffer,fp16;blocks=36;matmul=4096,3,2,read,0.244516400
double_buffer,fp16;blocks=36;matmul=4096,3,3,read,0.567146200
double_buffer,fp16;blocks=36;matmul=4096,3,4,read,0.138460000
double_buffer,fp16;blocks=36;matmul=4096,3,5,read,0.595115600
double_buffer,fp16;blocks=36;matmul=4096,3,6,read,0.239566000
double_buffer,fp16;blocks=36;matmul=4096,3,7,read,0.566958500
double_buffer,fp16;blocks=36;matmul=4096,3,8,read,0.147292200
double_buffer,fp16;blocks=36;matmul=4096,3,9,read,0.599624300
double_buffer,fp16;blocks=36;matmul=4096,3,10,read,0.234074200
double_buffer,fp16;blocks=36;matmul=4096,3,11,read,0.566804000
double_buffer,fp16;blocks=36;matmul=4096,3,12,read,0.264284800
double_buffer,fp16;blocks=36;matmul=4096,3,13,read,0.611467500
double_buffer,fp16;blocks=36;matmul=4096,3,14,read,0.243187300
double_buffer,fp16;blocks=36;matmul=4096,3,15,read,0.567050900
double_buffer,fp16;blocks=36;matmul=4096,3,16,read,0.508908400
double_buffer,fp16;blocks=36;matmul=4096,3,17,read,0.630421400
double_buffer,fp16;blocks=36;matmul=4096,3,18,read,0.244226900
double_buffer,fp16;blocks=36;matmul=4096,3,19,read,0.562832900
double_buffer,fp16;blocks=36;matmul=4096,3,20,read,0.144685800
double_buffer,fp16;blocks=36;matmul=4096,3,21,read,0.610436800
double_buffer,fp16;blocks=36;matmul=4096,3,22,read,0.268534900
double_buffer,fp16;blocks=36;matmul=4096,3,23,read,0.574756900
double_buffer,fp16;blocks=36;matmul=4096,3,24,read,0.147433700
double_buffer,fp16;blocks=36;matmul=4096,3,25,read,0.603933600
double_buffer,fp16;blocks=36;matmul=4096,3,26,read,0.244042900
double_buffer,fp16;blocks=36;matmul=4096,3,27,read,0.591036200
double_buffer,fp16;blocks=36;matmul=4096,3,28,read,0.512602400
double_buffer,fp16;blocks=36;matmul=4096,3,29,read,0.394732900
double_buffer,fp16;blocks=36;matmul=4096,3,30,read,0.511939500
double_buffer,fp16;blocks=36;matmul=4096,3,31,read,0.580026500
double_buffer,fp16;blocks=36;matmul=4096,3,32,read,0.408722300
double_buffer,fp16;blocks=36;matmul=4096,3,33,read,0.498660600
double_buffer,fp16;blocks=36;matmul=4096,3,34,read,0.461648800
double_buffer,fp16;blocks=36;matmul=4096,3,35,read,0.339578300
double_buffer,fp16;blocks=36;matmul=4096,3,0,stage_copy,0.021335900
double_buffer,fp16;blocks=36;matmul=4096,3,1,stage_copy,0.020932100
double_buffer,fp16;blocks=36;matmul=4096,3,2,stage_copy,0.023055000
double_buffer,fp16;blocks=36;matmul=4096,3,3,stage_copy,0.021371300
double_buffer,fp16;blocks=36;matmul=4096,3,4,stage_copy,0.020797000
double_buffer,fp16;blocks=36;matmul=4096,3,5,stage_copy,0.020740000
double_buffer,fp16;blocks=36;matmul=4096,3,6,stage_copy,0.020735600
double_buffer,fp16;blocks=36;matmul=4096,3,7,stage_copy,0.020953300
double_buffer,fp16;blocks=36;matmul=4096,3,8,stage_copy,0.020983400
double_buffer,fp16;blocks=36;matmul=4096,3,9,stage_copy,0.021876400
double_buffer,fp16;blocks=36;matmul=4096,3,10,stage_copy,0.023210400
double_buffer,fp16;blocks=36;matmul=4096,3,11,stage_copy,0.020829600
double_buffer,fp16;blocks=36;matmul=4096,3,12,stage_copy,0.021213500
double_buffer,fp16;blocks=36;matmul=4096,3,13,stage_copy,0.021054600
double_buffer,fp16;blocks=36;matmul=4096,3,14,stage_copy,0.021113000
double_buffer,fp16;blocks=36;matmul=4096,3,15,stage_copy,0.022673200
double_buffer,fp16;blocks=36;matmul=4096,3,16,stage_copy,0.021097300
double_buffer,fp16;blocks=36;matmul=4096,3,17,stage_copy,0.021068000
double_buffer,fp16;blocks=36;matmul=4096,3,18,stage_copy,0.021075800
double_buffer,fp16;blocks=36;matmul=4096,3,19,stage_copy,0.020831200
double_buffer,fp16;blocks=36;matmul=4096,3,20,stage_copy,0.020765600
double_buffer,fp16;blocks=36;matmul=4096,3,21,stage_copy,0.022368700
double_buffer,fp16;blocks=36;matmul=4096,3,22,stage_copy,0.021730700
double_buffer,fp16;blocks=36;matmul=4096,3,23,stage_copy,0.020742900
double_buffer,fp16;blocks=36;matmul=4096,3,24,stage_copy,0.020456800
double_buffer,fp16;blocks=36;matmul=4096,3,25,stage_copy,0.021098100
double_buffer,fp16;blocks=36;matmul=4096,3,26,stage_copy,0.020816500
double_buffer,fp16;blocks=36;matmul=4096,3,27,stage_copy,0.020540300
double_buffer,fp16;blocks=36;matmul=4096,3,28,stage_copy,0.021296400
double_buffer,fp16;blocks=36;matmul=4096,3,29,stage_copy,0.020644200
double_buffer,fp16;blocks=36;matmul=4096,3,30,stage_copy,0.020614600
double_buffer,fp16;blocks=36;matmul=4096,3,31,stage_copy,0.021077200
double_buffer,fp16;blocks=36;matmul=4096,3,32,stage_copy,0.021016600
double_buffer,fp16;blocks=36;matmul=4096,3,33,stage_copy,0.020860900
double_buffer,fp16;blocks=36;matmul=4096,3,34,stage_copy,0.021224100
double_buffer,fp16;blocks=36;matmul=4096,3,35,stage_copy,0.023373200
double_buffer,fp16;blocks=36;matmul=4096,3,0,h2d,0.017286848
double_buffer,fp16;blocks=36;matmul=4096,3,1,h2d,0.017372641
double_buffer,fp16;blocks=36;matmul=4096,3,2,h2d,0.017342913
double_buffer,fp16;blocks=36;matmul=4096,3,3,h2d,0.017430080
double_buffer,fp16;blocks=36;matmul=4096,3,4,h2d,0.017369217
double_buffer,fp16;blocks=36;matmul=4096,3,5,h2d,0.017339264
double_buffer,fp16;blocks=36;matmul=4096,3,6,h2d,0.017302784
double_buffer,fp16;blocks=36;matmul=4096,3,7,h2d,0.017416449
double_buffer,fp16;blocks=36;matmul=4096,3,8,h2d,0.017388992
double_buffer,fp16;blocks=36;matmul=4096,3,9,h2d,0.017422239
double_buffer,fp16;blocks=36;matmul=4096,3,10,h2d,0.017485792
double_buffer,fp16;blocks=36;matmul=4096,3,11,h2d,0.017506752
double_buffer,fp16;blocks=36;matmul=4096,3,12,h2d,0.017425377
double_buffer,fp16;blocks=36;matmul=4096,3,13,h2d,0.017480640
double_buffer,fp16;blocks=36;matmul=4096,3,14,h2d,0.017287935
double_buffer,fp16;blocks=36;matmul=4096,3,15,h2d,0.017397247
double_buffer,fp16;blocks=36;matmul=4096,3,16,h2d,0.017362305
double_buffer,fp16;blocks=36;matmul=4096,3,17,h2d,0.017486273
double_buffer,fp16;blocks=36;matmul=4096,3,18,h2d,0.017344288
double_buffer,fp16;blocks=36;matmul=4096,3,19,h2d,0.017327841
double_buffer,fp16;blocks=36;matmul=4096,3,20,h2d,0.017310047
double_buffer,fp16;blocks=36;matmul=4096,3,21,h2d,0.017376513
double_buffer,fp16;blocks=36;matmul=4096,3,22,h2d,0.017318657
double_buffer,fp16;blocks=36;matmul=4096,3,23,h2d,0.017366625
double_buffer,fp16;blocks=36;matmul=4096,3,24,h2d,0.017344255
double_buffer,fp16;blocks=36;matmul=4096,3,25,h2d,0.017370399
double_buffer,fp16;blocks=36;matmul=4096,3,26,h2d,0.017311392
double_buffer,fp16;blocks=36;matmul=4096,3,27,h2d,0.017380320
double_buffer,fp16;blocks=36;matmul=4096,3,28,h2d,0.017283712
double_buffer,fp16;blocks=36;matmul=4096,3,29,h2d,0.017342272
double_buffer,fp16;blocks=36;matmul=4096,3,30,h2d,0.017384129
double_buffer,fp16;blocks=36;matmul=4096,3,31,h2d,0.017472864
double_buffer,fp16;blocks=36;matmul=4096,3,32,h2d,0.017338432
double_buffer,fp16;blocks=36;matmul=4096,3,33,h2d,0.017362112
double_buffer,fp16;blocks=36;matmul=4096,3,34,h2d,0.017435295
double_buffer,fp16;blocks=36;matmul=4096,3,35,h2d,0.017369921
double_buffer,fp16;blocks=36;matmul=4096,3,0,compute,0.052609024
double_buffer,fp16;blocks=36;matmul=4096,3,1,compute,0.052251648
double_buffer,fp16;blocks=36;matmul=4096,3,2,compute,0.057629696
double_buffer,fp16;blocks=36;matmul=4096,3,3,compute,0.055154690
double_buffer,fp16;blocks=36;matmul=4096,3,4,compute,0.049304577
double_buffer,fp16;blocks=36;matmul=4096,3,5,compute,0.048556030
double_buffer,fp16;blocks=36;matmul=4096,3,6,compute,0.049883137
double_buffer,fp16;blocks=36;matmul=4096,3,7,compute,0.048965633
double_buffer,fp16;blocks=36;matmul=4096,3,8,compute,0.045433857
double_buffer,fp16;blocks=36;matmul=4096,3,9,compute,0.044190720
double_buffer,fp16;blocks=36;matmul=4096,3,10,compute,0.047004673
double_buffer,fp16;blocks=36;matmul=4096,3,11,compute,0.045917183
double_buffer,fp16;blocks=36;matmul=4096,3,12,compute,0.053059586
double_buffer,fp16;blocks=36;matmul=4096,3,13,compute,0.049844223
double_buffer,fp16;blocks=36;matmul=4096,3,14,compute,0.055900162
double_buffer,fp16;blocks=36;matmul=4096,3,15,compute,0.058949631
double_buffer,fp16;blocks=36;matmul=4096,3,16,compute,0.055144447
double_buffer,fp16;blocks=36;matmul=4096,3,17,compute,0.054180862
double_buffer,fp16;blocks=36;matmul=4096,3,18,compute,0.054472706
double_buffer,fp16;blocks=36;matmul=4096,3,19,compute,0.051018753
double_buffer,fp16;blocks=36;matmul=4096,3,20,compute,0.048030720
double_buffer,fp16;blocks=36;matmul=4096,3,21,compute,0.048212994
double_buffer,fp16;blocks=36;matmul=4096,3,22,compute,0.049380352
double_buffer,fp16;blocks=36;matmul=4096,3,23,compute,0.047917057
double_buffer,fp16;blocks=36;matmul=4096,3,24,compute,0.051996674
double_buffer,fp16;blocks=36;matmul=4096,3,25,compute,0.054426624
double_buffer,fp16;blocks=36;matmul=4096,3,26,compute,0.061455360
double_buffer,fp16;blocks=36;matmul=4096,3,27,compute,0.059026432
double_buffer,fp16;blocks=36;matmul=4096,3,28,compute,0.052752384
double_buffer,fp16;blocks=36;matmul=4096,3,29,compute,0.052189182
double_buffer,fp16;blocks=36;matmul=4096,3,30,compute,0.051434498
double_buffer,fp16;blocks=36;matmul=4096,3,31,compute,0.051065857
double_buffer,fp16;blocks=36;matmul=4096,3,32,compute,0.052960255
double_buffer,fp16;blocks=36;matmul=4096,3,33,compute,0.056108032
double_buffer,fp16;blocks=36;matmul=4096,3,34,compute,0.053819393
double_buffer,fp16;blocks=36;matmul=4096,3,35,compute,0.052963329
three_stage,fp16;blocks=36;matmul=4096,1,0,read,0.414678300
three_stage,fp16;blocks=36;matmul=4096,1,1,read,0.582274700
three_stage,fp16;blocks=36;matmul=4096,1,2,read,0.242593400
three_stage,fp16;blocks=36;matmul=4096,1,3,read,0.593222600
three_stage,fp16;blocks=36;matmul=4096,1,4,read,0.146526700
three_stage,fp16;blocks=36;matmul=4096,1,5,read,0.597242600
three_stage,fp16;blocks=36;matmul=4096,1,6,read,0.246835100
three_stage,fp16;blocks=36;matmul=4096,1,7,read,0.576225200
three_stage,fp16;blocks=36;matmul=4096,1,8,read,0.140922100
three_stage,fp16;blocks=36;matmul=4096,1,9,read,0.600278400
three_stage,fp16;blocks=36;matmul=4096,1,10,read,0.252497400
three_stage,fp16;blocks=36;matmul=4096,1,11,read,0.569568600
three_stage,fp16;blocks=36;matmul=4096,1,12,read,0.269135400
three_stage,fp16;blocks=36;matmul=4096,1,13,read,0.607282700
three_stage,fp16;blocks=36;matmul=4096,1,14,read,0.235753300
three_stage,fp16;blocks=36;matmul=4096,1,15,read,0.578730100
three_stage,fp16;blocks=36;matmul=4096,1,16,read,0.504975000
three_stage,fp16;blocks=36;matmul=4096,1,17,read,0.604546900
three_stage,fp16;blocks=36;matmul=4096,1,18,read,0.265161600
three_stage,fp16;blocks=36;matmul=4096,1,19,read,0.565263300
three_stage,fp16;blocks=36;matmul=4096,1,20,read,0.143987600
three_stage,fp16;blocks=36;matmul=4096,1,21,read,0.608031200
three_stage,fp16;blocks=36;matmul=4096,1,22,read,0.242462100
three_stage,fp16;blocks=36;matmul=4096,1,23,read,0.565565500
three_stage,fp16;blocks=36;matmul=4096,1,24,read,0.145256700
three_stage,fp16;blocks=36;matmul=4096,1,25,read,0.613716100
three_stage,fp16;blocks=36;matmul=4096,1,26,read,0.280245400
three_stage,fp16;blocks=36;matmul=4096,1,27,read,0.581434900
three_stage,fp16;blocks=36;matmul=4096,1,28,read,0.511201000
three_stage,fp16;blocks=36;matmul=4096,1,29,read,0.396298100
three_stage,fp16;blocks=36;matmul=4096,1,30,read,0.502346600
three_stage,fp16;blocks=36;matmul=4096,1,31,read,0.575809200
three_stage,fp16;blocks=36;matmul=4096,1,32,read,0.405480000
three_stage,fp16;blocks=36;matmul=4096,1,33,read,0.489990000
three_stage,fp16;blocks=36;matmul=4096,1,34,read,0.463094300
three_stage,fp16;blocks=36;matmul=4096,1,35,read,0.339120500
three_stage,fp16;blocks=36;matmul=4096,1,0,stage_copy,0.023931200
three_stage,fp16;blocks=36;matmul=4096,1,1,stage_copy,0.023617800
three_stage,fp16;blocks=36;matmul=4096,1,2,stage_copy,0.020773100
three_stage,fp16;blocks=36;matmul=4096,1,3,stage_copy,0.021635300
three_stage,fp16;blocks=36;matmul=4096,1,4,stage_copy,0.022526900
three_stage,fp16;blocks=36;matmul=4096,1,5,stage_copy,0.020922800
three_stage,fp16;blocks=36;matmul=4096,1,6,stage_copy,0.021757700
three_stage,fp16;blocks=36;matmul=4096,1,7,stage_copy,0.023718100
three_stage,fp16;blocks=36;matmul=4096,1,8,stage_copy,0.023624500
three_stage,fp16;blocks=36;matmul=4096,1,9,stage_copy,0.021244100
three_stage,fp16;blocks=36;matmul=4096,1,10,stage_copy,0.020663000
three_stage,fp16;blocks=36;matmul=4096,1,11,stage_copy,0.020579200
three_stage,fp16;blocks=36;matmul=4096,1,12,stage_copy,0.020292100
three_stage,fp16;blocks=36;matmul=4096,1,13,stage_copy,0.020747200
three_stage,fp16;blocks=36;matmul=4096,1,14,stage_copy,0.023859800
three_stage,fp16;blocks=36;matmul=4096,1,15,stage_copy,0.020587800
three_stage,fp16;blocks=36;matmul=4096,1,16,stage_copy,0.021622200
three_stage,fp16;blocks=36;matmul=4096,1,17,stage_copy,0.021054800
three_stage,fp16;blocks=36;matmul=4096,1,18,stage_copy,0.020561200
three_stage,fp16;blocks=36;matmul=4096,1,19,stage_copy,0.020667800
three_stage,fp16;blocks=36;matmul=4096,1,20,stage_copy,0.020507200
three_stage,fp16;blocks=36;matmul=4096,1,21,stage_copy,0.022263500
three_stage,fp16;blocks=36;matmul=4096,1,22,stage_copy,0.022005500
three_stage,fp16;blocks=36;matmul=4096,1,23,stage_copy,0.024581100
three_stage,fp16;blocks=36;matmul=4096,1,24,stage_copy,0.020912800
three_stage,fp16;blocks=36;matmul=4096,1,25,stage_copy,0.021208100
three_stage,fp16;blocks=36;matmul=4096,1,26,stage_copy,0.023775400
three_stage,fp16;blocks=36;matmul=4096,1,27,stage_copy,0.021126200
three_stage,fp16;blocks=36;matmul=4096,1,28,stage_copy,0.021180000
three_stage,fp16;blocks=36;matmul=4096,1,29,stage_copy,0.020694700
three_stage,fp16;blocks=36;matmul=4096,1,30,stage_copy,0.020084100
three_stage,fp16;blocks=36;matmul=4096,1,31,stage_copy,0.020550200
three_stage,fp16;blocks=36;matmul=4096,1,32,stage_copy,0.021864100
three_stage,fp16;blocks=36;matmul=4096,1,33,stage_copy,0.020532000
three_stage,fp16;blocks=36;matmul=4096,1,34,stage_copy,0.021416200
three_stage,fp16;blocks=36;matmul=4096,1,35,stage_copy,0.021198000
three_stage,fp16;blocks=36;matmul=4096,1,0,h2d,0.017592575
three_stage,fp16;blocks=36;matmul=4096,1,1,h2d,0.017456961
three_stage,fp16;blocks=36;matmul=4096,1,2,h2d,0.017460863
three_stage,fp16;blocks=36;matmul=4096,1,3,h2d,0.017507360
three_stage,fp16;blocks=36;matmul=4096,1,4,h2d,0.017646080
three_stage,fp16;blocks=36;matmul=4096,1,5,h2d,0.017397440
three_stage,fp16;blocks=36;matmul=4096,1,6,h2d,0.017432224
three_stage,fp16;blocks=36;matmul=4096,1,7,h2d,0.017538784
three_stage,fp16;blocks=36;matmul=4096,1,8,h2d,0.017492001
three_stage,fp16;blocks=36;matmul=4096,1,9,h2d,0.017424192
three_stage,fp16;blocks=36;matmul=4096,1,10,h2d,0.017350368
three_stage,fp16;blocks=36;matmul=4096,1,11,h2d,0.017506208
three_stage,fp16;blocks=36;matmul=4096,1,12,h2d,0.017384031
three_stage,fp16;blocks=36;matmul=4096,1,13,h2d,0.017398016
three_stage,fp16;blocks=36;matmul=4096,1,14,h2d,0.017431295
three_stage,fp16;blocks=36;matmul=4096,1,15,h2d,0.017368769
three_stage,fp16;blocks=36;matmul=4096,1,16,h2d,0.017434689
three_stage,fp16;blocks=36;matmul=4096,1,17,h2d,0.017390976
three_stage,fp16;blocks=36;matmul=4096,1,18,h2d,0.017415712
three_stage,fp16;blocks=36;matmul=4096,1,19,h2d,0.017446239
three_stage,fp16;blocks=36;matmul=4096,1,20,h2d,0.017471840
three_stage,fp16;blocks=36;matmul=4096,1,21,h2d,0.017420000
three_stage,fp16;blocks=36;matmul=4096,1,22,h2d,0.017463200
three_stage,fp16;blocks=36;matmul=4096,1,23,h2d,0.017549055
three_stage,fp16;blocks=36;matmul=4096,1,24,h2d,0.017301664
three_stage,fp16;blocks=36;matmul=4096,1,25,h2d,0.017406080
three_stage,fp16;blocks=36;matmul=4096,1,26,h2d,0.017536896
three_stage,fp16;blocks=36;matmul=4096,1,27,h2d,0.017287136
three_stage,fp16;blocks=36;matmul=4096,1,28,h2d,0.017330400
three_stage,fp16;blocks=36;matmul=4096,1,29,h2d,0.017402657
three_stage,fp16;blocks=36;matmul=4096,1,30,h2d,0.017408159
three_stage,fp16;blocks=36;matmul=4096,1,31,h2d,0.017340927
three_stage,fp16;blocks=36;matmul=4096,1,32,h2d,0.017349377
three_stage,fp16;blocks=36;matmul=4096,1,33,h2d,0.017373505
three_stage,fp16;blocks=36;matmul=4096,1,34,h2d,0.017304384
three_stage,fp16;blocks=36;matmul=4096,1,35,h2d,0.017265921
three_stage,fp16;blocks=36;matmul=4096,1,0,compute,0.041803776
three_stage,fp16;blocks=36;matmul=4096,1,1,compute,0.041864193
three_stage,fp16;blocks=36;matmul=4096,1,2,compute,0.045573120
three_stage,fp16;blocks=36;matmul=4096,1,3,compute,0.046837761
three_stage,fp16;blocks=36;matmul=4096,1,4,compute,0.048245762
three_stage,fp16;blocks=36;matmul=4096,1,5,compute,0.049848320
three_stage,fp16;blocks=36;matmul=4096,1,6,compute,0.058115070
three_stage,fp16;blocks=36;matmul=4096,1,7,compute,0.056011776
three_stage,fp16;blocks=36;matmul=4096,1,8,compute,0.046944256
three_stage,fp16;blocks=36;matmul=4096,1,9,compute,0.044871681
three_stage,fp16;blocks=36;matmul=4096,1,10,compute,0.044375038
three_stage,fp16;blocks=36;matmul=4096,1,11,compute,0.046001152
three_stage,fp16;blocks=36;matmul=4096,1,12,compute,0.051167233
three_stage,fp16;blocks=36;matmul=4096,1,13,compute,0.050824192
three_stage,fp16;blocks=36;matmul=4096,1,14,compute,0.054885376
three_stage,fp16;blocks=36;matmul=4096,1,15,compute,0.060832767
three_stage,fp16;blocks=36;matmul=4096,1,16,compute,0.053697536
three_stage,fp16;blocks=36;matmul=4096,1,17,compute,0.053032959
three_stage,fp16;blocks=36;matmul=4096,1,18,compute,0.052732929
three_stage,fp16;blocks=36;matmul=4096,1,19,compute,0.051734528
three_stage,fp16;blocks=36;matmul=4096,1,20,compute,0.044656639
three_stage,fp16;blocks=36;matmul=4096,1,21,compute,0.043710464
three_stage,fp16;blocks=36;matmul=4096,1,22,compute,0.045051903
three_stage,fp16;blocks=36;matmul=4096,1,23,compute,0.044261375
three_stage,fp16;blocks=36;matmul=4096,1,24,compute,0.049182720
three_stage,fp16;blocks=36;matmul=4096,1,25,compute,0.050175999
three_stage,fp16;blocks=36;matmul=4096,1,26,compute,0.052081665
three_stage,fp16;blocks=36;matmul=4096,1,27,compute,0.060362751
three_stage,fp16;blocks=36;matmul=4096,1,28,compute,0.052783104
three_stage,fp16;blocks=36;matmul=4096,1,29,compute,0.054784000
three_stage,fp16;blocks=36;matmul=4096,1,30,compute,0.052318207
three_stage,fp16;blocks=36;matmul=4096,1,31,compute,0.051580929
three_stage,fp16;blocks=36;matmul=4096,1,32,compute,0.048794624
three_stage,fp16;blocks=36;matmul=4096,1,33,compute,0.051781631
three_stage,fp16;blocks=36;matmul=4096,1,34,compute,0.051112961
three_stage,fp16;blocks=36;matmul=4096,1,35,compute,0.049865726
three_stage,fp16;blocks=36;matmul=4096,2,0,read,0.406053700
three_stage,fp16;blocks=36;matmul=4096,2,1,read,0.584288500
three_stage,fp16;blocks=36;matmul=4096,2,2,read,0.240712300
three_stage,fp16;blocks=36;matmul=4096,2,3,read,0.578265100
three_stage,fp16;blocks=36;matmul=4096,2,4,read,0.156214500
three_stage,fp16;blocks=36;matmul=4096,2,5,read,0.593566300
three_stage,fp16;blocks=36;matmul=4096,2,6,read,0.247519700
three_stage,fp16;blocks=36;matmul=4096,2,7,read,0.562774500
three_stage,fp16;blocks=36;matmul=4096,2,8,read,0.142551600
three_stage,fp16;blocks=36;matmul=4096,2,9,read,0.600657300
three_stage,fp16;blocks=36;matmul=4096,2,10,read,0.260335100
three_stage,fp16;blocks=36;matmul=4096,2,11,read,0.567070500
three_stage,fp16;blocks=36;matmul=4096,2,12,read,0.288842300
three_stage,fp16;blocks=36;matmul=4096,2,13,read,0.605776500
three_stage,fp16;blocks=36;matmul=4096,2,14,read,0.246291200
three_stage,fp16;blocks=36;matmul=4096,2,15,read,0.563439900
three_stage,fp16;blocks=36;matmul=4096,2,16,read,0.505366700
three_stage,fp16;blocks=36;matmul=4096,2,17,read,0.603880600
three_stage,fp16;blocks=36;matmul=4096,2,18,read,0.252103600
three_stage,fp16;blocks=36;matmul=4096,2,19,read,0.560321400
three_stage,fp16;blocks=36;matmul=4096,2,20,read,0.144554000
three_stage,fp16;blocks=36;matmul=4096,2,21,read,0.611593700
three_stage,fp16;blocks=36;matmul=4096,2,22,read,0.251154400
three_stage,fp16;blocks=36;matmul=4096,2,23,read,0.577321100
three_stage,fp16;blocks=36;matmul=4096,2,24,read,0.142957400
three_stage,fp16;blocks=36;matmul=4096,2,25,read,0.603960500
three_stage,fp16;blocks=36;matmul=4096,2,26,read,0.255784700
three_stage,fp16;blocks=36;matmul=4096,2,27,read,0.565778400
three_stage,fp16;blocks=36;matmul=4096,2,28,read,0.511514400
three_stage,fp16;blocks=36;matmul=4096,2,29,read,0.397770700
three_stage,fp16;blocks=36;matmul=4096,2,30,read,0.496971200
three_stage,fp16;blocks=36;matmul=4096,2,31,read,0.588775000
three_stage,fp16;blocks=36;matmul=4096,2,32,read,0.417351100
three_stage,fp16;blocks=36;matmul=4096,2,33,read,0.501490800
three_stage,fp16;blocks=36;matmul=4096,2,34,read,0.461557700
three_stage,fp16;blocks=36;matmul=4096,2,35,read,0.328991200
three_stage,fp16;blocks=36;matmul=4096,2,0,stage_copy,0.020504000
three_stage,fp16;blocks=36;matmul=4096,2,1,stage_copy,0.020671600
three_stage,fp16;blocks=36;matmul=4096,2,2,stage_copy,0.025030500
three_stage,fp16;blocks=36;matmul=4096,2,3,stage_copy,0.025771000
three_stage,fp16;blocks=36;matmul=4096,2,4,stage_copy,0.021370000
three_stage,fp16;blocks=36;matmul=4096,2,5,stage_copy,0.020722400
three_stage,fp16;blocks=36;matmul=4096,2,6,stage_copy,0.023451600
three_stage,fp16;blocks=36;matmul=4096,2,7,stage_copy,0.021257400
three_stage,fp16;blocks=36;matmul=4096,2,8,stage_copy,0.021104700
three_stage,fp16;blocks=36;matmul=4096,2,9,stage_copy,0.023522700
three_stage,fp16;blocks=36;matmul=4096,2,10,stage_copy,0.020993400
three_stage,fp16;blocks=36;matmul=4096,2,11,stage_copy,0.020970700
three_stage,fp16;blocks=36;matmul=4096,2,12,stage_copy,0.021004400
three_stage,fp16;blocks=36;matmul=4096,2,13,stage_copy,0.020019400
three_stage,fp16;blocks=36;matmul=4096,2,14,stage_copy,0.021066700
three_stage,fp16;blocks=36;matmul=4096,2,15,stage_copy,0.021041100
three_stage,fp16;blocks=36;matmul=4096,2,16,stage_copy,0.022063100
three_stage,fp16;blocks=36;matmul=4096,2,17,stage_copy,0.020502000
three_stage,fp16;blocks=36;matmul=4096,2,18,stage_copy,0.020867500
three_stage,fp16;blocks=36;matmul=4096,2,19,stage_copy,0.020671900
three_stage,fp16;blocks=36;matmul=4096,2,20,stage_copy,0.020494600
three_stage,fp16;blocks=36;matmul=4096,2,21,stage_copy,0.021927900
three_stage,fp16;blocks=36;matmul=4096,2,22,stage_copy,0.020702200
three_stage,fp16;blocks=36;matmul=4096,2,23,stage_copy,0.020678100
three_stage,fp16;blocks=36;matmul=4096,2,24,stage_copy,0.020545000
three_stage,fp16;blocks=36;matmul=4096,2,25,stage_copy,0.021160000
three_stage,fp16;blocks=36;matmul=4096,2,26,stage_copy,0.020819200
three_stage,fp16;blocks=36;matmul=4096,2,27,stage_copy,0.024095200
three_stage,fp16;blocks=36;matmul=4096,2,28,stage_copy,0.020355000
three_stage,fp16;blocks=36;matmul=4096,2,29,stage_copy,0.020766200
three_stage,fp16;blocks=36;matmul=4096,2,30,stage_copy,0.021365900
three_stage,fp16;blocks=36;matmul=4096,2,31,stage_copy,0.021514000
three_stage,fp16;blocks=36;matmul=4096,2,32,stage_copy,0.021442600
three_stage,fp16;blocks=36;matmul=4096,2,33,stage_copy,0.020739100
three_stage,fp16;blocks=36;matmul=4096,2,34,stage_copy,0.022492600
three_stage,fp16;blocks=36;matmul=4096,2,35,stage_copy,0.020528000
three_stage,fp16;blocks=36;matmul=4096,2,0,h2d,0.017307264
three_stage,fp16;blocks=36;matmul=4096,2,1,h2d,0.017442720
three_stage,fp16;blocks=36;matmul=4096,2,2,h2d,0.017729153
three_stage,fp16;blocks=36;matmul=4096,2,3,h2d,0.017911232
three_stage,fp16;blocks=36;matmul=4096,2,4,h2d,0.017364223
three_stage,fp16;blocks=36;matmul=4096,2,5,h2d,0.017515713
three_stage,fp16;blocks=36;matmul=4096,2,6,h2d,0.017481440
three_stage,fp16;blocks=36;matmul=4096,2,7,h2d,0.017413759
three_stage,fp16;blocks=36;matmul=4096,2,8,h2d,0.017434464
three_stage,fp16;blocks=36;matmul=4096,2,9,h2d,0.017377377
three_stage,fp16;blocks=36;matmul=4096,2,10,h2d,0.017292543
three_stage,fp16;blocks=36;matmul=4096,2,11,h2d,0.017338432
three_stage,fp16;blocks=36;matmul=4096,2,12,h2d,0.017569857
three_stage,fp16;blocks=36;matmul=4096,2,13,h2d,0.017529696
three_stage,fp16;blocks=36;matmul=4096,2,14,h2d,0.017346527
three_stage,fp16;blocks=36;matmul=4096,2,15,h2d,0.017602400
three_stage,fp16;blocks=36;matmul=4096,2,16,h2d,0.017442623
three_stage,fp16;blocks=36;matmul=4096,2,17,h2d,0.017422079
three_stage,fp16;blocks=36;matmul=4096,2,18,h2d,0.017366753
three_stage,fp16;blocks=36;matmul=4096,2,19,h2d,0.017358528
three_stage,fp16;blocks=36;matmul=4096,2,20,h2d,0.017379135
three_stage,fp16;blocks=36;matmul=4096,2,21,h2d,0.017422497
three_stage,fp16;blocks=36;matmul=4096,2,22,h2d,0.017408672
three_stage,fp16;blocks=36;matmul=4096,2,23,h2d,0.017364576
three_stage,fp16;blocks=36;matmul=4096,2,24,h2d,0.017326015
three_stage,fp16;blocks=36;matmul=4096,2,25,h2d,0.017353151
three_stage,fp16;blocks=36;matmul=4096,2,26,h2d,0.017499201
three_stage,fp16;blocks=36;matmul=4096,2,27,h2d,0.017483969
three_stage,fp16;blocks=36;matmul=4096,2,28,h2d,0.017479649
three_stage,fp16;blocks=36;matmul=4096,2,29,h2d,0.017356064
three_stage,fp16;blocks=36;matmul=4096,2,30,h2d,0.017435648
three_stage,fp16;blocks=36;matmul=4096,2,31,h2d,0.017419777
three_stage,fp16;blocks=36;matmul=4096,2,32,h2d,0.017375200
three_stage,fp16;blocks=36;matmul=4096,2,33,h2d,0.017592352
three_stage,fp16;blocks=36;matmul=4096,2,34,h2d,0.017426144
three_stage,fp16;blocks=36;matmul=4096,2,35,h2d,0.017287647
three_stage,fp16;blocks=36;matmul=4096,2,0,compute,0.042739712
three_stage,fp16;blocks=36;matmul=4096,2,1,compute,0.043668480
three_stage,fp16;blocks=36;matmul=4096,2,2,compute,0.048050175
three_stage,fp16;blocks=36;matmul=4096,2,3,compute,0.046678017
three_stage,fp16;blocks=36;matmul=4096,2,4,compute,0.052980736
three_stage,fp16;blocks=36;matmul=4096,2,5,compute,0.048923649
three_stage,fp16;blocks=36;matmul=4096,2,6,compute,0.052669441
three_stage,fp16;blocks=36;matmul=4096,2,7,compute,0.051497986
three_stage,fp16;blocks=36;matmul=4096,2,8,compute,0.053533695
three_stage,fp16;blocks=36;matmul=4096,2,9,compute,0.053015553
three_stage,fp16;blocks=36;matmul=4096,2,10,compute,0.052126720
three_stage,fp16;blocks=36;matmul=4096,2,11,compute,0.052405247
three_stage,fp16;blocks=36;matmul=4096,2,12,compute,0.053757954
three_stage,fp16;blocks=36;matmul=4096,2,13,compute,0.054349823
three_stage,fp16;blocks=36;matmul=4096,2,14,compute,0.052995071
three_stage,fp16;blocks=36;matmul=4096,2,15,compute,0.050199551
three_stage,fp16;blocks=36;matmul=4096,2,16,compute,0.050741249
three_stage,fp16;blocks=36;matmul=4096,2,17,compute,0.053491711
three_stage,fp16;blocks=36;matmul=4096,2,18,compute,0.056828930
three_stage,fp16;blocks=36;matmul=4096,2,19,compute,0.054967297
three_stage,fp16;blocks=36;matmul=4096,2,20,compute,0.050331650
three_stage,fp16;blocks=36;matmul=4096,2,21,compute,0.052660225
three_stage,fp16;blocks=36;matmul=4096,2,22,compute,0.051598335
three_stage,fp16;blocks=36;matmul=4096,2,23,compute,0.051864574
three_stage,fp16;blocks=36;matmul=4096,2,24,compute,0.045459457
three_stage,fp16;blocks=36;matmul=4096,2,25,compute,0.042900478
three_stage,fp16;blocks=36;matmul=4096,2,26,compute,0.042271744
three_stage,fp16;blocks=36;matmul=4096,2,27,compute,0.047370239
three_stage,fp16;blocks=36;matmul=4096,2,28,compute,0.048723969
three_stage,fp16;blocks=36;matmul=4096,2,29,compute,0.053735424
three_stage,fp16;blocks=36;matmul=4096,2,30,compute,0.050203648
three_stage,fp16;blocks=36;matmul=4096,2,31,compute,0.052516865
three_stage,fp16;blocks=36;matmul=4096,2,32,compute,0.053812225
three_stage,fp16;blocks=36;matmul=4096,2,33,compute,0.053788673
three_stage,fp16;blocks=36;matmul=4096,2,34,compute,0.055374847
three_stage,fp16;blocks=36;matmul=4096,2,35,compute,0.053445633
three_stage,fp16;blocks=36;matmul=4096,3,0,read,0.415540000
three_stage,fp16;blocks=36;matmul=4096,3,1,read,0.582715900
three_stage,fp16;blocks=36;matmul=4096,3,2,read,0.243039000
three_stage,fp16;blocks=36;matmul=4096,3,3,read,0.583956600
three_stage,fp16;blocks=36;matmul=4096,3,4,read,0.143286400
three_stage,fp16;blocks=36;matmul=4096,3,5,read,0.597301500
three_stage,fp16;blocks=36;matmul=4096,3,6,read,0.247575100
three_stage,fp16;blocks=36;matmul=4096,3,7,read,0.574822700
three_stage,fp16;blocks=36;matmul=4096,3,8,read,0.147927800
three_stage,fp16;blocks=36;matmul=4096,3,9,read,0.605793400
three_stage,fp16;blocks=36;matmul=4096,3,10,read,0.241396200
three_stage,fp16;blocks=36;matmul=4096,3,11,read,0.577790400
three_stage,fp16;blocks=36;matmul=4096,3,12,read,0.273191600
three_stage,fp16;blocks=36;matmul=4096,3,13,read,0.603397300
three_stage,fp16;blocks=36;matmul=4096,3,14,read,0.224176900
three_stage,fp16;blocks=36;matmul=4096,3,15,read,0.579970800
three_stage,fp16;blocks=36;matmul=4096,3,16,read,0.500581700
three_stage,fp16;blocks=36;matmul=4096,3,17,read,0.600216100
three_stage,fp16;blocks=36;matmul=4096,3,18,read,0.251773200
three_stage,fp16;blocks=36;matmul=4096,3,19,read,0.564767900
three_stage,fp16;blocks=36;matmul=4096,3,20,read,0.162563000
three_stage,fp16;blocks=36;matmul=4096,3,21,read,0.604027700
three_stage,fp16;blocks=36;matmul=4096,3,22,read,0.258900200
three_stage,fp16;blocks=36;matmul=4096,3,23,read,0.564003000
three_stage,fp16;blocks=36;matmul=4096,3,24,read,0.148499100
three_stage,fp16;blocks=36;matmul=4096,3,25,read,0.602328700
three_stage,fp16;blocks=36;matmul=4096,3,26,read,0.258842200
three_stage,fp16;blocks=36;matmul=4096,3,27,read,0.575454700
three_stage,fp16;blocks=36;matmul=4096,3,28,read,0.511102000
three_stage,fp16;blocks=36;matmul=4096,3,29,read,0.399347300
three_stage,fp16;blocks=36;matmul=4096,3,30,read,0.488879800
three_stage,fp16;blocks=36;matmul=4096,3,31,read,0.577493300
three_stage,fp16;blocks=36;matmul=4096,3,32,read,0.406105600
three_stage,fp16;blocks=36;matmul=4096,3,33,read,0.491589100
three_stage,fp16;blocks=36;matmul=4096,3,34,read,0.469873700
three_stage,fp16;blocks=36;matmul=4096,3,35,read,0.331769100
three_stage,fp16;blocks=36;matmul=4096,3,0,stage_copy,0.020417100
three_stage,fp16;blocks=36;matmul=4096,3,1,stage_copy,0.020913700
three_stage,fp16;blocks=36;matmul=4096,3,2,stage_copy,0.020770500
three_stage,fp16;blocks=36;matmul=4096,3,3,stage_copy,0.021950200
three_stage,fp16;blocks=36;matmul=4096,3,4,stage_copy,0.021971100
three_stage,fp16;blocks=36;matmul=4096,3,5,stage_copy,0.020763300
three_stage,fp16;blocks=36;matmul=4096,3,6,stage_copy,0.020632000
three_stage,fp16;blocks=36;matmul=4096,3,7,stage_copy,0.020709500
three_stage,fp16;blocks=36;matmul=4096,3,8,stage_copy,0.021971700
three_stage,fp16;blocks=36;matmul=4096,3,9,stage_copy,0.020765900
three_stage,fp16;blocks=36;matmul=4096,3,10,stage_copy,0.020553800
three_stage,fp16;blocks=36;matmul=4096,3,11,stage_copy,0.021819800
three_stage,fp16;blocks=36;matmul=4096,3,12,stage_copy,0.022279600
three_stage,fp16;blocks=36;matmul=4096,3,13,stage_copy,0.021272400
three_stage,fp16;blocks=36;matmul=4096,3,14,stage_copy,0.021046400
three_stage,fp16;blocks=36;matmul=4096,3,15,stage_copy,0.022623400
three_stage,fp16;blocks=36;matmul=4096,3,16,stage_copy,0.020698900
three_stage,fp16;blocks=36;matmul=4096,3,17,stage_copy,0.022680900
three_stage,fp16;blocks=36;matmul=4096,3,18,stage_copy,0.020851200
three_stage,fp16;blocks=36;matmul=4096,3,19,stage_copy,0.020652100
three_stage,fp16;blocks=36;matmul=4096,3,20,stage_copy,0.023069500
three_stage,fp16;blocks=36;matmul=4096,3,21,stage_copy,0.021244700
three_stage,fp16;blocks=36;matmul=4096,3,22,stage_copy,0.020891700
three_stage,fp16;blocks=36;matmul=4096,3,23,stage_copy,0.020314000
three_stage,fp16;blocks=36;matmul=4096,3,24,stage_copy,0.020706600
three_stage,fp16;blocks=36;matmul=4096,3,25,stage_copy,0.022370000
three_stage,fp16;blocks=36;matmul=4096,3,26,stage_copy,0.020747600
three_stage,fp16;blocks=36;matmul=4096,3,27,stage_copy,0.020926500
three_stage,fp16;blocks=36;matmul=4096,3,28,stage_copy,0.020637800
three_stage,fp16;blocks=36;matmul=4096,3,29,stage_copy,0.020774800
three_stage,fp16;blocks=36;matmul=4096,3,30,stage_copy,0.021770900
three_stage,fp16;blocks=36;matmul=4096,3,31,stage_copy,0.020645700
three_stage,fp16;blocks=36;matmul=4096,3,32,stage_copy,0.020468900
three_stage,fp16;blocks=36;matmul=4096,3,33,stage_copy,0.020984800
three_stage,fp16;blocks=36;matmul=4096,3,34,stage_copy,0.020803100
three_stage,fp16;blocks=36;matmul=4096,3,35,stage_copy,0.021082800
three_stage,fp16;blocks=36;matmul=4096,3,0,h2d,0.017373440
three_stage,fp16;blocks=36;matmul=4096,3,1,h2d,0.017367359
three_stage,fp16;blocks=36;matmul=4096,3,2,h2d,0.017322720
three_stage,fp16;blocks=36;matmul=4096,3,3,h2d,0.017390783
three_stage,fp16;blocks=36;matmul=4096,3,4,h2d,0.017292288
three_stage,fp16;blocks=36;matmul=4096,3,5,h2d,0.017306751
three_stage,fp16;blocks=36;matmul=4096,3,6,h2d,0.017352127
three_stage,fp16;blocks=36;matmul=4096,3,7,h2d,0.017511999
three_stage,fp16;blocks=36;matmul=4096,3,8,h2d,0.017450560
three_stage,fp16;blocks=36;matmul=4096,3,9,h2d,0.017395519
three_stage,fp16;blocks=36;matmul=4096,3,10,h2d,0.017448769
three_stage,fp16;blocks=36;matmul=4096,3,11,h2d,0.017367104
three_stage,fp16;blocks=36;matmul=4096,3,12,h2d,0.017476801
three_stage,fp16;blocks=36;matmul=4096,3,13,h2d,0.017384031
three_stage,fp16;blocks=36;matmul=4096,3,14,h2d,0.017320576
three_stage,fp16;blocks=36;matmul=4096,3,15,h2d,0.017525984
three_stage,fp16;blocks=36;matmul=4096,3,16,h2d,0.017307552
three_stage,fp16;blocks=36;matmul=4096,3,17,h2d,0.017401119
three_stage,fp16;blocks=36;matmul=4096,3,18,h2d,0.017556704
three_stage,fp16;blocks=36;matmul=4096,3,19,h2d,0.017558912
three_stage,fp16;blocks=36;matmul=4096,3,20,h2d,0.017421024
three_stage,fp16;blocks=36;matmul=4096,3,21,h2d,0.017322081
three_stage,fp16;blocks=36;matmul=4096,3,22,h2d,0.017396353
three_stage,fp16;blocks=36;matmul=4096,3,23,h2d,0.017407007
three_stage,fp16;blocks=36;matmul=4096,3,24,h2d,0.017340128
three_stage,fp16;blocks=36;matmul=4096,3,25,h2d,0.017463425
three_stage,fp16;blocks=36;matmul=4096,3,26,h2d,0.017444160
three_stage,fp16;blocks=36;matmul=4096,3,27,h2d,0.017340193
three_stage,fp16;blocks=36;matmul=4096,3,28,h2d,0.017351871
three_stage,fp16;blocks=36;matmul=4096,3,29,h2d,0.017360191
three_stage,fp16;blocks=36;matmul=4096,3,30,h2d,0.017342400
three_stage,fp16;blocks=36;matmul=4096,3,31,h2d,0.017368511
three_stage,fp16;blocks=36;matmul=4096,3,32,h2d,0.017377983
three_stage,fp16;blocks=36;matmul=4096,3,33,h2d,0.017439648
three_stage,fp16;blocks=36;matmul=4096,3,34,h2d,0.017395489
three_stage,fp16;blocks=36;matmul=4096,3,35,h2d,0.017236544
three_stage,fp16;blocks=36;matmul=4096,3,0,compute,0.049192959
three_stage,fp16;blocks=36;matmul=4096,3,1,compute,0.047718399
three_stage,fp16;blocks=36;matmul=4096,3,2,compute,0.054651905
three_stage,fp16;blocks=36;matmul=4096,3,3,compute,0.055544830
three_stage,fp16;blocks=36;matmul=4096,3,4,compute,0.048896000
three_stage,fp16;blocks=36;matmul=4096,3,5,compute,0.047758335
three_stage,fp16;blocks=36;matmul=4096,3,6,compute,0.049692673
three_stage,fp16;blocks=36;matmul=4096,3,7,compute,0.046606335
three_stage,fp16;blocks=36;matmul=4096,3,8,compute,0.043871231
three_stage,fp16;blocks=36;matmul=4096,3,9,compute,0.044991489
three_stage,fp16;blocks=36;matmul=4096,3,10,compute,0.044135426
three_stage,fp16;blocks=36;matmul=4096,3,11,compute,0.045524994
three_stage,fp16;blocks=36;matmul=4096,3,12,compute,0.049153023
three_stage,fp16;blocks=36;matmul=4096,3,13,compute,0.051442688
three_stage,fp16;blocks=36;matmul=4096,3,14,compute,0.056498177
three_stage,fp16;blocks=36;matmul=4096,3,15,compute,0.053181438
three_stage,fp16;blocks=36;matmul=4096,3,16,compute,0.050435074
three_stage,fp16;blocks=36;matmul=4096,3,17,compute,0.054214657
three_stage,fp16;blocks=36;matmul=4096,3,18,compute,0.059107327
three_stage,fp16;blocks=36;matmul=4096,3,19,compute,0.053419006
three_stage,fp16;blocks=36;matmul=4096,3,20,compute,0.049694721
three_stage,fp16;blocks=36;matmul=4096,3,21,compute,0.052908031
three_stage,fp16;blocks=36;matmul=4096,3,22,compute,0.051825665
three_stage,fp16;blocks=36;matmul=4096,3,23,compute,0.050173950
three_stage,fp16;blocks=36;matmul=4096,3,24,compute,0.057415680
three_stage,fp16;blocks=36;matmul=4096,3,25,compute,0.055838718
three_stage,fp16;blocks=36;matmul=4096,3,26,compute,0.051528706
three_stage,fp16;blocks=36;matmul=4096,3,27,compute,0.054612991
three_stage,fp16;blocks=36;matmul=4096,3,28,compute,0.052232193
three_stage,fp16;blocks=36;matmul=4096,3,29,compute,0.050672642
three_stage,fp16;blocks=36;matmul=4096,3,30,compute,0.052779007
three_stage,fp16;blocks=36;matmul=4096,3,31,compute,0.051987457
three_stage,fp16;blocks=36;matmul=4096,3,32,compute,0.054473728
three_stage,fp16;blocks=36;matmul=4096,3,33,compute,0.058950657
three_stage,fp16;blocks=36;matmul=4096,3,34,compute,0.053050369
three_stage,fp16;blocks=36;matmul=4096,3,35,compute,0.053769215
sync,int4;blocks=36;matmul=4096,1,0,read,0.156753900
sync,int4;blocks=36;matmul=4096,1,1,read,0.040763300
sync,int4;blocks=36;matmul=4096,1,2,read,0.161528500
sync,int4;blocks=36;matmul=4096,1,3,read,0.040742400
sync,int4;blocks=36;matmul=4096,1,4,read,0.067510200
sync,int4;blocks=36;matmul=4096,1,5,read,0.134229400
sync,int4;blocks=36;matmul=4096,1,6,read,0.041056400
sync,int4;blocks=36;matmul=4096,1,7,read,0.040226900
sync,int4;blocks=36;matmul=4096,1,8,read,0.040694200
sync,int4;blocks=36;matmul=4096,1,9,read,0.041751700
sync,int4;blocks=36;matmul=4096,1,10,read,0.042710900
sync,int4;blocks=36;matmul=4096,1,11,read,0.040056900
sync,int4;blocks=36;matmul=4096,1,12,read,0.040354300
sync,int4;blocks=36;matmul=4096,1,13,read,0.040888000
sync,int4;blocks=36;matmul=4096,1,14,read,0.041532000
sync,int4;blocks=36;matmul=4096,1,15,read,0.040835900
sync,int4;blocks=36;matmul=4096,1,16,read,0.040260500
sync,int4;blocks=36;matmul=4096,1,17,read,0.042451000
sync,int4;blocks=36;matmul=4096,1,18,read,0.039863100
sync,int4;blocks=36;matmul=4096,1,19,read,0.042007000
sync,int4;blocks=36;matmul=4096,1,20,read,0.041592900
sync,int4;blocks=36;matmul=4096,1,21,read,0.041141500
sync,int4;blocks=36;matmul=4096,1,22,read,0.041425600
sync,int4;blocks=36;matmul=4096,1,23,read,0.040604800
sync,int4;blocks=36;matmul=4096,1,24,read,0.041645400
sync,int4;blocks=36;matmul=4096,1,25,read,0.043434400
sync,int4;blocks=36;matmul=4096,1,26,read,0.041293000
sync,int4;blocks=36;matmul=4096,1,27,read,0.042080500
sync,int4;blocks=36;matmul=4096,1,28,read,0.040309000
sync,int4;blocks=36;matmul=4096,1,29,read,0.043450000
sync,int4;blocks=36;matmul=4096,1,30,read,0.044532500
sync,int4;blocks=36;matmul=4096,1,31,read,0.041612100
sync,int4;blocks=36;matmul=4096,1,32,read,0.048846300
sync,int4;blocks=36;matmul=4096,1,33,read,0.040289000
sync,int4;blocks=36;matmul=4096,1,34,read,0.041684900
sync,int4;blocks=36;matmul=4096,1,35,read,0.044363800
sync,int4;blocks=36;matmul=4096,1,0,stage_copy,0.006578500
sync,int4;blocks=36;matmul=4096,1,1,stage_copy,0.006956500
sync,int4;blocks=36;matmul=4096,1,2,stage_copy,0.006614000
sync,int4;blocks=36;matmul=4096,1,3,stage_copy,0.006246800
sync,int4;blocks=36;matmul=4096,1,4,stage_copy,0.006352600
sync,int4;blocks=36;matmul=4096,1,5,stage_copy,0.006624200
sync,int4;blocks=36;matmul=4096,1,6,stage_copy,0.006902900
sync,int4;blocks=36;matmul=4096,1,7,stage_copy,0.006548400
sync,int4;blocks=36;matmul=4096,1,8,stage_copy,0.006581900
sync,int4;blocks=36;matmul=4096,1,9,stage_copy,0.006426900
sync,int4;blocks=36;matmul=4096,1,10,stage_copy,0.006900900
sync,int4;blocks=36;matmul=4096,1,11,stage_copy,0.006333600
sync,int4;blocks=36;matmul=4096,1,12,stage_copy,0.006859100
sync,int4;blocks=36;matmul=4096,1,13,stage_copy,0.006491200
sync,int4;blocks=36;matmul=4096,1,14,stage_copy,0.007209100
sync,int4;blocks=36;matmul=4096,1,15,stage_copy,0.007098700
sync,int4;blocks=36;matmul=4096,1,16,stage_copy,0.006771400
sync,int4;blocks=36;matmul=4096,1,17,stage_copy,0.007235100
sync,int4;blocks=36;matmul=4096,1,18,stage_copy,0.006175300
sync,int4;blocks=36;matmul=4096,1,19,stage_copy,0.006430500
sync,int4;blocks=36;matmul=4096,1,20,stage_copy,0.007722100
sync,int4;blocks=36;matmul=4096,1,21,stage_copy,0.006535100
sync,int4;blocks=36;matmul=4096,1,22,stage_copy,0.006726500
sync,int4;blocks=36;matmul=4096,1,23,stage_copy,0.006562200
sync,int4;blocks=36;matmul=4096,1,24,stage_copy,0.006817100
sync,int4;blocks=36;matmul=4096,1,25,stage_copy,0.006067200
sync,int4;blocks=36;matmul=4096,1,26,stage_copy,0.006503700
sync,int4;blocks=36;matmul=4096,1,27,stage_copy,0.006702700
sync,int4;blocks=36;matmul=4096,1,28,stage_copy,0.006604500
sync,int4;blocks=36;matmul=4096,1,29,stage_copy,0.007092000
sync,int4;blocks=36;matmul=4096,1,30,stage_copy,0.006998900
sync,int4;blocks=36;matmul=4096,1,31,stage_copy,0.006745500
sync,int4;blocks=36;matmul=4096,1,32,stage_copy,0.006432400
sync,int4;blocks=36;matmul=4096,1,33,stage_copy,0.006098200
sync,int4;blocks=36;matmul=4096,1,34,stage_copy,0.007556600
sync,int4;blocks=36;matmul=4096,1,35,stage_copy,0.006329500
sync,int4;blocks=36;matmul=4096,1,0,h2d,0.005362272
sync,int4;blocks=36;matmul=4096,1,1,h2d,0.005349984
sync,int4;blocks=36;matmul=4096,1,2,h2d,0.005395264
sync,int4;blocks=36;matmul=4096,1,3,h2d,0.005378432
sync,int4;blocks=36;matmul=4096,1,4,h2d,0.005373312
sync,int4;blocks=36;matmul=4096,1,5,h2d,0.005349184
sync,int4;blocks=36;matmul=4096,1,6,h2d,0.005441120
sync,int4;blocks=36;matmul=4096,1,7,h2d,0.005348960
sync,int4;blocks=36;matmul=4096,1,8,h2d,0.005336384
sync,int4;blocks=36;matmul=4096,1,9,h2d,0.005380480
sync,int4;blocks=36;matmul=4096,1,10,h2d,0.005355712
sync,int4;blocks=36;matmul=4096,1,11,h2d,0.005341376
sync,int4;blocks=36;matmul=4096,1,12,h2d,0.005382464
sync,int4;blocks=36;matmul=4096,1,13,h2d,0.005336480
sync,int4;blocks=36;matmul=4096,1,14,h2d,0.005414112
sync,int4;blocks=36;matmul=4096,1,15,h2d,0.005353184
sync,int4;blocks=36;matmul=4096,1,16,h2d,0.005379072
sync,int4;blocks=36;matmul=4096,1,17,h2d,0.005402784
sync,int4;blocks=36;matmul=4096,1,18,h2d,0.005377888
sync,int4;blocks=36;matmul=4096,1,19,h2d,0.005353152
sync,int4;blocks=36;matmul=4096,1,20,h2d,0.005382656
sync,int4;blocks=36;matmul=4096,1,21,h2d,0.005390432
sync,int4;blocks=36;matmul=4096,1,22,h2d,0.005350464
sync,int4;blocks=36;matmul=4096,1,23,h2d,0.005372096
sync,int4;blocks=36;matmul=4096,1,24,h2d,0.005359680
sync,int4;blocks=36;matmul=4096,1,25,h2d,0.005244096
sync,int4;blocks=36;matmul=4096,1,26,h2d,0.005168768
sync,int4;blocks=36;matmul=4096,1,27,h2d,0.005171264
sync,int4;blocks=36;matmul=4096,1,28,h2d,0.004987072
sync,int4;blocks=36;matmul=4096,1,29,h2d,0.005018304
sync,int4;blocks=36;matmul=4096,1,30,h2d,0.005050080
sync,int4;blocks=36;matmul=4096,1,31,h2d,0.004977728
sync,int4;blocks=36;matmul=4096,1,32,h2d,0.004978368
sync,int4;blocks=36;matmul=4096,1,33,h2d,0.005013856
sync,int4;blocks=36;matmul=4096,1,34,h2d,0.004993152
sync,int4;blocks=36;matmul=4096,1,35,h2d,0.005032960
sync,int4;blocks=36;matmul=4096,1,0,compute,0.021884800
sync,int4;blocks=36;matmul=4096,1,1,compute,0.020479488
sync,int4;blocks=36;matmul=4096,1,2,compute,0.019189728
sync,int4;blocks=36;matmul=4096,1,3,compute,0.023111135
sync,int4;blocks=36;matmul=4096,1,4,compute,0.019198656
sync,int4;blocks=36;matmul=4096,1,5,compute,0.019655680
sync,int4;blocks=36;matmul=4096,1,6,compute,0.019026752
sync,int4;blocks=36;matmul=4096,1,7,compute,0.021277311
sync,int4;blocks=36;matmul=4096,1,8,compute,0.019313152
sync,int4;blocks=36;matmul=4096,1,9,compute,0.019868353
sync,int4;blocks=36;matmul=4096,1,10,compute,0.020158079
sync,int4;blocks=36;matmul=4096,1,11,compute,0.020098047
sync,int4;blocks=36;matmul=4096,1,12,compute,0.019016064
sync,int4;blocks=36;matmul=4096,1,13,compute,0.017668991
sync,int4;blocks=36;matmul=4096,1,14,compute,0.016932320
sync,int4;blocks=36;matmul=4096,1,15,compute,0.017573568
sync,int4;blocks=36;matmul=4096,1,16,compute,0.015858848
sync,int4;blocks=36;matmul=4096,1,17,compute,0.017941216
sync,int4;blocks=36;matmul=4096,1,18,compute,0.019372543
sync,int4;blocks=36;matmul=4096,1,19,compute,0.017048960
sync,int4;blocks=36;matmul=4096,1,20,compute,0.017241312
sync,int4;blocks=36;matmul=4096,1,21,compute,0.016397888
sync,int4;blocks=36;matmul=4096,1,22,compute,0.017553568
sync,int4;blocks=36;matmul=4096,1,23,compute,0.015520640
sync,int4;blocks=36;matmul=4096,1,24,compute,0.016432705
sync,int4;blocks=36;matmul=4096,1,25,compute,0.018454847
sync,int4;blocks=36;matmul=4096,1,26,compute,0.017925505
sync,int4;blocks=36;matmul=4096,1,27,compute,0.015116512
sync,int4;blocks=36;matmul=4096,1,28,compute,0.016705856
sync,int4;blocks=36;matmul=4096,1,29,compute,0.016205408
sync,int4;blocks=36;matmul=4096,1,30,compute,0.014734496
sync,int4;blocks=36;matmul=4096,1,31,compute,0.016127584
sync,int4;blocks=36;matmul=4096,1,32,compute,0.017507296
sync,int4;blocks=36;matmul=4096,1,33,compute,0.017013121
sync,int4;blocks=36;matmul=4096,1,34,compute,0.014856512
sync,int4;blocks=36;matmul=4096,1,35,compute,0.016172672
sync,int4;blocks=36;matmul=4096,2,0,read,0.152449100
sync,int4;blocks=36;matmul=4096,2,1,read,0.039623000
sync,int4;blocks=36;matmul=4096,2,2,read,0.160456300
sync,int4;blocks=36;matmul=4096,2,3,read,0.040921600
sync,int4;blocks=36;matmul=4096,2,4,read,0.068007200
sync,int4;blocks=36;matmul=4096,2,5,read,0.135413900
sync,int4;blocks=36;matmul=4096,2,6,read,0.040583600
sync,int4;blocks=36;matmul=4096,2,7,read,0.039874200
sync,int4;blocks=36;matmul=4096,2,8,read,0.040332900
sync,int4;blocks=36;matmul=4096,2,9,read,0.040708400
sync,int4;blocks=36;matmul=4096,2,10,read,0.040483400
sync,int4;blocks=36;matmul=4096,2,11,read,0.040161800
sync,int4;blocks=36;matmul=4096,2,12,read,0.044919600
sync,int4;blocks=36;matmul=4096,2,13,read,0.047901600
sync,int4;blocks=36;matmul=4096,2,14,read,0.041331700
sync,int4;blocks=36;matmul=4096,2,15,read,0.039841000
sync,int4;blocks=36;matmul=4096,2,16,read,0.040133400
sync,int4;blocks=36;matmul=4096,2,17,read,0.040907200
sync,int4;blocks=36;matmul=4096,2,18,read,0.041261000
sync,int4;blocks=36;matmul=4096,2,19,read,0.040738400
sync,int4;blocks=36;matmul=4096,2,20,read,0.041880300
sync,int4;blocks=36;matmul=4096,2,21,read,0.041182400
sync,int4;blocks=36;matmul=4096,2,22,read,0.040900300
sync,int4;blocks=36;matmul=4096,2,23,read,0.042111400
sync,int4;blocks=36;matmul=4096,2,24,read,0.041510300
sync,int4;blocks=36;matmul=4096,2,25,read,0.041542200
sync,int4;blocks=36;matmul=4096,2,26,read,0.041008300
sync,int4;blocks=36;matmul=4096,2,27,read,0.040200500
sync,int4;blocks=36;matmul=4096,2,28,read,0.040139400
sync,int4;blocks=36;matmul=4096,2,29,read,0.041052300
sync,int4;blocks=36;matmul=4096,2,30,read,0.040428600
sync,int4;blocks=36;matmul=4096,2,31,read,0.040692900
sync,int4;blocks=36;matmul=4096,2,32,read,0.040581600
sync,int4;blocks=36;matmul=4096,2,33,read,0.041416400
sync,int4;blocks=36;matmul=4096,2,34,read,0.041046600
sync,int4;blocks=36;matmul=4096,2,35,read,0.041019800
sync,int4;blocks=36;matmul=4096,2,0,stage_copy,0.010640200
sync,int4;blocks=36;matmul=4096,2,1,stage_copy,0.006465500
sync,int4;blocks=36;matmul=4096,2,2,stage_copy,0.006545600
sync,int4;blocks=36;matmul=4096,2,3,stage_copy,0.006616600
sync,int4;blocks=36;matmul=4096,2,4,stage_copy,0.006458900
sync,int4;blocks=36;matmul=4096,2,5,stage_copy,0.006498800
sync,int4;blocks=36;matmul=4096,2,6,stage_copy,0.006982300
sync,int4;blocks=36;matmul=4096,2,7,stage_copy,0.006459900
sync,int4;blocks=36;matmul=4096,2,8,stage_copy,0.006489900
sync,int4;blocks=36;matmul=4096,2,9,stage_copy,0.006644500
sync,int4;blocks=36;matmul=4096,2,10,stage_copy,0.006281000
sync,int4;blocks=36;matmul=4096,2,11,stage_copy,0.007052500
sync,int4;blocks=36;matmul=4096,2,12,stage_copy,0.006749400
sync,int4;blocks=36;matmul=4096,2,13,stage_copy,0.006676000
sync,int4;blocks=36;matmul=4096,2,14,stage_copy,0.006999500
sync,int4;blocks=36;matmul=4096,2,15,stage_copy,0.006714300
sync,int4;blocks=36;matmul=4096,2,16,stage_copy,0.006439900
sync,int4;blocks=36;matmul=4096,2,17,stage_copy,0.006468800
sync,int4;blocks=36;matmul=4096,2,18,stage_copy,0.007182200
sync,int4;blocks=36;matmul=4096,2,19,stage_copy,0.008121200
sync,int4;blocks=36;matmul=4096,2,20,stage_copy,0.006686000
sync,int4;blocks=36;matmul=4096,2,21,stage_copy,0.006345400
sync,int4;blocks=36;matmul=4096,2,22,stage_copy,0.006176900
sync,int4;blocks=36;matmul=4096,2,23,stage_copy,0.007143600
sync,int4;blocks=36;matmul=4096,2,24,stage_copy,0.006253300
sync,int4;blocks=36;matmul=4096,2,25,stage_copy,0.006261600
sync,int4;blocks=36;matmul=4096,2,26,stage_copy,0.006550300
sync,int4;blocks=36;matmul=4096,2,27,stage_copy,0.007003900
sync,int4;blocks=36;matmul=4096,2,28,stage_copy,0.006431800
sync,int4;blocks=36;matmul=4096,2,29,stage_copy,0.007529700
sync,int4;blocks=36;matmul=4096,2,30,stage_copy,0.006905600
sync,int4;blocks=36;matmul=4096,2,31,stage_copy,0.006613200
sync,int4;blocks=36;matmul=4096,2,32,stage_copy,0.005978600
sync,int4;blocks=36;matmul=4096,2,33,stage_copy,0.006727100
sync,int4;blocks=36;matmul=4096,2,34,stage_copy,0.006779600
sync,int4;blocks=36;matmul=4096,2,35,stage_copy,0.006598600
sync,int4;blocks=36;matmul=4096,2,0,h2d,0.005097792
sync,int4;blocks=36;matmul=4096,2,1,h2d,0.005000512
sync,int4;blocks=36;matmul=4096,2,2,h2d,0.005003264
sync,int4;blocks=36;matmul=4096,2,3,h2d,0.004975264
sync,int4;blocks=36;matmul=4096,2,4,h2d,0.004978912
sync,int4;blocks=36;matmul=4096,2,5,h2d,0.005002624
sync,int4;blocks=36;matmul=4096,2,6,h2d,0.005003552
sync,int4;blocks=36;matmul=4096,2,7,h2d,0.004952096
sync,int4;blocks=36;matmul=4096,2,8,h2d,0.004979200
sync,int4;blocks=36;matmul=4096,2,9,h2d,0.004969792
sync,int4;blocks=36;matmul=4096,2,10,h2d,0.004996640
sync,int4;blocks=36;matmul=4096,2,11,h2d,0.005023936
sync,int4;blocks=36;matmul=4096,2,12,h2d,0.005045888
sync,int4;blocks=36;matmul=4096,2,13,h2d,0.005203424
sync,int4;blocks=36;matmul=4096,2,14,h2d,0.005196928
sync,int4;blocks=36;matmul=4096,2,15,h2d,0.005197408
sync,int4;blocks=36;matmul=4096,2,16,h2d,0.005166592
sync,int4;blocks=36;matmul=4096,2,17,h2d,0.005149664
sync,int4;blocks=36;matmul=4096,2,18,h2d,0.005185664
sync,int4;blocks=36;matmul=4096,2,19,h2d,0.005278112
sync,int4;blocks=36;matmul=4096,2,20,h2d,0.005289824
sync,int4;blocks=36;matmul=4096,2,21,h2d,0.004806464
sync,int4;blocks=36;matmul=4096,2,22,h2d,0.004885344
sync,int4;blocks=36;matmul=4096,2,23,h2d,0.005008128
sync,int4;blocks=36;matmul=4096,2,24,h2d,0.004823520
sync,int4;blocks=36;matmul=4096,2,25,h2d,0.004876512
sync,int4;blocks=36;matmul=4096,2,26,h2d,0.004903232
sync,int4;blocks=36;matmul=4096,2,27,h2d,0.004848608
sync,int4;blocks=36;matmul=4096,2,28,h2d,0.004886912
sync,int4;blocks=36;matmul=4096,2,29,h2d,0.004894880
sync,int4;blocks=36;matmul=4096,2,30,h2d,0.004838848
sync,int4;blocks=36;matmul=4096,2,31,h2d,0.004791904
sync,int4;blocks=36;matmul=4096,2,32,h2d,0.004854112
sync,int4;blocks=36;matmul=4096,2,33,h2d,0.005087168
sync,int4;blocks=36;matmul=4096,2,34,h2d,0.004874976
sync,int4;blocks=36;matmul=4096,2,35,h2d,0.004869152
sync,int4;blocks=36;matmul=4096,2,0,compute,0.015343456
sync,int4;blocks=36;matmul=4096,2,1,compute,0.015631136
sync,int4;blocks=36;matmul=4096,2,2,compute,0.016122623
sync,int4;blocks=36;matmul=4096,2,3,compute,0.015707840
sync,int4;blocks=36;matmul=4096,2,4,compute,0.017112032
sync,int4;blocks=36;matmul=4096,2,5,compute,0.014859456
sync,int4;blocks=36;matmul=4096,2,6,compute,0.015987776
sync,int4;blocks=36;matmul=4096,2,7,compute,0.017534401
sync,int4;blocks=36;matmul=4096,2,8,compute,0.016230911
sync,int4;blocks=36;matmul=4096,2,9,compute,0.016230465
sync,int4;blocks=36;matmul=4096,2,10,compute,0.018063328
sync,int4;blocks=36;matmul=4096,2,11,compute,0.015616448
sync,int4;blocks=36;matmul=4096,2,12,compute,0.015623072
sync,int4;blocks=36;matmul=4096,2,13,compute,0.015469472
sync,int4;blocks=36;matmul=4096,2,14,compute,0.017664097
sync,int4;blocks=36;matmul=4096,2,15,compute,0.015168448
sync,int4;blocks=36;matmul=4096,2,16,compute,0.017622305
sync,int4;blocks=36;matmul=4096,2,17,compute,0.016358561
sync,int4;blocks=36;matmul=4096,2,18,compute,0.015844224
sync,int4;blocks=36;matmul=4096,2,19,compute,0.016171680
sync,int4;blocks=36;matmul=4096,2,20,compute,0.017941408
sync,int4;blocks=36;matmul=4096,2,21,compute,0.014607584
sync,int4;blocks=36;matmul=4096,2,22,compute,0.015684288
sync,int4;blocks=36;matmul=4096,2,23,compute,0.017869312
sync,int4;blocks=36;matmul=4096,2,24,compute,0.016832928
sync,int4;blocks=36;matmul=4096,2,25,compute,0.016052929
sync,int4;blocks=36;matmul=4096,2,26,compute,0.018588097
sync,int4;blocks=36;matmul=4096,2,27,compute,0.014945504
sync,int4;blocks=36;matmul=4096,2,28,compute,0.017196735
sync,int4;blocks=36;matmul=4096,2,29,compute,0.017717728
sync,int4;blocks=36;matmul=4096,2,30,compute,0.015242784
sync,int4;blocks=36;matmul=4096,2,31,compute,0.015853728
sync,int4;blocks=36;matmul=4096,2,32,compute,0.015676928
sync,int4;blocks=36;matmul=4096,2,33,compute,0.014600960
sync,int4;blocks=36;matmul=4096,2,34,compute,0.015374720
sync,int4;blocks=36;matmul=4096,2,35,compute,0.016282528
sync,int4;blocks=36;matmul=4096,3,0,read,0.152327200
sync,int4;blocks=36;matmul=4096,3,1,read,0.041688800
sync,int4;blocks=36;matmul=4096,3,2,read,0.161122100
sync,int4;blocks=36;matmul=4096,3,3,read,0.039797500
sync,int4;blocks=36;matmul=4096,3,4,read,0.069155200
sync,int4;blocks=36;matmul=4096,3,5,read,0.137603100
sync,int4;blocks=36;matmul=4096,3,6,read,0.040382800
sync,int4;blocks=36;matmul=4096,3,7,read,0.038086700
sync,int4;blocks=36;matmul=4096,3,8,read,0.041811900
sync,int4;blocks=36;matmul=4096,3,9,read,0.041011800
sync,int4;blocks=36;matmul=4096,3,10,read,0.040522500
sync,int4;blocks=36;matmul=4096,3,11,read,0.059263200
sync,int4;blocks=36;matmul=4096,3,12,read,0.041368700
sync,int4;blocks=36;matmul=4096,3,13,read,0.041829600
sync,int4;blocks=36;matmul=4096,3,14,read,0.040705200
sync,int4;blocks=36;matmul=4096,3,15,read,0.040132800
sync,int4;blocks=36;matmul=4096,3,16,read,0.041914200
sync,int4;blocks=36;matmul=4096,3,17,read,0.040939100
sync,int4;blocks=36;matmul=4096,3,18,read,0.040516600
sync,int4;blocks=36;matmul=4096,3,19,read,0.042085500
sync,int4;blocks=36;matmul=4096,3,20,read,0.040860900
sync,int4;blocks=36;matmul=4096,3,21,read,0.041104400
sync,int4;blocks=36;matmul=4096,3,22,read,0.040515400
sync,int4;blocks=36;matmul=4096,3,23,read,0.041869300
sync,int4;blocks=36;matmul=4096,3,24,read,0.040197100
sync,int4;blocks=36;matmul=4096,3,25,read,0.040943400
sync,int4;blocks=36;matmul=4096,3,26,read,0.041431200
sync,int4;blocks=36;matmul=4096,3,27,read,0.040578800
sync,int4;blocks=36;matmul=4096,3,28,read,0.041627800
sync,int4;blocks=36;matmul=4096,3,29,read,0.041122800
sync,int4;blocks=36;matmul=4096,3,30,read,0.043941500
sync,int4;blocks=36;matmul=4096,3,31,read,0.040968300
sync,int4;blocks=36;matmul=4096,3,32,read,0.040616700
sync,int4;blocks=36;matmul=4096,3,33,read,0.041517900
sync,int4;blocks=36;matmul=4096,3,34,read,0.041681500
sync,int4;blocks=36;matmul=4096,3,35,read,0.039760400
sync,int4;blocks=36;matmul=4096,3,0,stage_copy,0.007619700
sync,int4;blocks=36;matmul=4096,3,1,stage_copy,0.006904700
sync,int4;blocks=36;matmul=4096,3,2,stage_copy,0.007278200
sync,int4;blocks=36;matmul=4096,3,3,stage_copy,0.006488100
sync,int4;blocks=36;matmul=4096,3,4,stage_copy,0.006600000
sync,int4;blocks=36;matmul=4096,3,5,stage_copy,0.006657100
sync,int4;blocks=36;matmul=4096,3,6,stage_copy,0.006558100
sync,int4;blocks=36;matmul=4096,3,7,stage_copy,0.006802900
sync,int4;blocks=36;matmul=4096,3,8,stage_copy,0.009706200
sync,int4;blocks=36;matmul=4096,3,9,stage_copy,0.007188800
sync,int4;blocks=36;matmul=4096,3,10,stage_copy,0.006639100
sync,int4;blocks=36;matmul=4096,3,11,stage_copy,0.006397600
sync,int4;blocks=36;matmul=4096,3,12,stage_copy,0.008110100
sync,int4;blocks=36;matmul=4096,3,13,stage_copy,0.006860300
sync,int4;blocks=36;matmul=4096,3,14,stage_copy,0.006422700
sync,int4;blocks=36;matmul=4096,3,15,stage_copy,0.006467300
sync,int4;blocks=36;matmul=4096,3,16,stage_copy,0.007094800
sync,int4;blocks=36;matmul=4096,3,17,stage_copy,0.006420900
sync,int4;blocks=36;matmul=4096,3,18,stage_copy,0.006941200
sync,int4;blocks=36;matmul=4096,3,19,stage_copy,0.006567200
sync,int4;blocks=36;matmul=4096,3,20,stage_copy,0.007575300
sync,int4;blocks=36;matmul=4096,3,21,stage_copy,0.006456600
sync,int4;blocks=36;matmul=4096,3,22,stage_copy,0.006837000
sync,int4;blocks=36;matmul=4096,3,23,stage_copy,0.007096700
sync,int4;blocks=36;matmul=4096,3,24,stage_copy,0.006786200
sync,int4;blocks=36;matmul=4096,3,25,stage_copy,0.008439200
sync,int4;blocks=36;matmul=4096,3,26,stage_copy,0.007195200
sync,int4;blocks=36;matmul=4096,3,27,stage_copy,0.006687400
sync,int4;blocks=36;matmul=4096,3,28,stage_copy,0.006447700
sync,int4;blocks=36;matmul=4096,3,29,stage_copy,0.006773100
sync,int4;blocks=36;matmul=4096,3,30,stage_copy,0.006050300
sync,int4;blocks=36;matmul=4096,3,31,stage_copy,0.006724100
sync,int4;blocks=36;matmul=4096,3,32,stage_copy,0.006644600
sync,int4;blocks=36;matmul=4096,3,33,stage_copy,0.006776500
sync,int4;blocks=36;matmul=4096,3,34,stage_copy,0.006631500
sync,int4;blocks=36;matmul=4096,3,35,stage_copy,0.006447800
sync,int4;blocks=36;matmul=4096,3,0,h2d,0.004956288
sync,int4;blocks=36;matmul=4096,3,1,h2d,0.004918240
sync,int4;blocks=36;matmul=4096,3,2,h2d,0.004813696
sync,int4;blocks=36;matmul=4096,3,3,h2d,0.004801216
sync,int4;blocks=36;matmul=4096,3,4,h2d,0.004818272
sync,int4;blocks=36;matmul=4096,3,5,h2d,0.004859520
sync,int4;blocks=36;matmul=4096,3,6,h2d,0.005385024
sync,int4;blocks=36;matmul=4096,3,7,h2d,0.005388064
sync,int4;blocks=36;matmul=4096,3,8,h2d,0.005452992
sync,int4;blocks=36;matmul=4096,3,9,h2d,0.005500960
sync,int4;blocks=36;matmul=4096,3,10,h2d,0.005370784
sync,int4;blocks=36;matmul=4096,3,11,h2d,0.005356832
sync,int4;blocks=36;matmul=4096,3,12,h2d,0.005373760
sync,int4;blocks=36;matmul=4096,3,13,h2d,0.005356736
sync,int4;blocks=36;matmul=4096,3,14,h2d,0.005178720
sync,int4;blocks=36;matmul=4096,3,15,h2d,0.005175680
sync,int4;blocks=36;matmul=4096,3,16,h2d,0.005171520
sync,int4;blocks=36;matmul=4096,3,17,h2d,0.005193152
sync,int4;blocks=36;matmul=4096,3,18,h2d,0.005183008
sync,int4;blocks=36;matmul=4096,3,19,h2d,0.005201504
sync,int4;blocks=36;matmul=4096,3,20,h2d,0.005244448
sync,int4;blocks=36;matmul=4096,3,21,h2d,0.005165120
sync,int4;blocks=36;matmul=4096,3,22,h2d,0.005190240
sync,int4;blocks=36;matmul=4096,3,23,h2d,0.005355968
sync,int4;blocks=36;matmul=4096,3,24,h2d,0.005256224
sync,int4;blocks=36;matmul=4096,3,25,h2d,0.005380320
sync,int4;blocks=36;matmul=4096,3,26,h2d,0.005251168
sync,int4;blocks=36;matmul=4096,3,27,h2d,0.005207616
sync,int4;blocks=36;matmul=4096,3,28,h2d,0.005033632
sync,int4;blocks=36;matmul=4096,3,29,h2d,0.005035392
sync,int4;blocks=36;matmul=4096,3,30,h2d,0.005097152
sync,int4;blocks=36;matmul=4096,3,31,h2d,0.005071072
sync,int4;blocks=36;matmul=4096,3,32,h2d,0.005074720
sync,int4;blocks=36;matmul=4096,3,33,h2d,0.005015872
sync,int4;blocks=36;matmul=4096,3,34,h2d,0.005030336
sync,int4;blocks=36;matmul=4096,3,35,h2d,0.004988960
sync,int4;blocks=36;matmul=4096,3,0,compute,0.016798592
sync,int4;blocks=36;matmul=4096,3,1,compute,0.018770912
sync,int4;blocks=36;matmul=4096,3,2,compute,0.014693664
sync,int4;blocks=36;matmul=4096,3,3,compute,0.017525280
sync,int4;blocks=36;matmul=4096,3,4,compute,0.015503104
sync,int4;blocks=36;matmul=4096,3,5,compute,0.014641728
sync,int4;blocks=36;matmul=4096,3,6,compute,0.019245407
sync,int4;blocks=36;matmul=4096,3,7,compute,0.015500096
sync,int4;blocks=36;matmul=4096,3,8,compute,0.018299520
sync,int4;blocks=36;matmul=4096,3,9,compute,0.015997888
sync,int4;blocks=36;matmul=4096,3,10,compute,0.018741505
sync,int4;blocks=36;matmul=4096,3,11,compute,0.017287457
sync,int4;blocks=36;matmul=4096,3,12,compute,0.017256895
sync,int4;blocks=36;matmul=4096,3,13,compute,0.015897440
sync,int4;blocks=36;matmul=4096,3,14,compute,0.015828896
sync,int4;blocks=36;matmul=4096,3,15,compute,0.017459936
sync,int4;blocks=36;matmul=4096,3,16,compute,0.015836800
sync,int4;blocks=36;matmul=4096,3,17,compute,0.016048704
sync,int4;blocks=36;matmul=4096,3,18,compute,0.016448704
sync,int4;blocks=36;matmul=4096,3,19,compute,0.015723616
sync,int4;blocks=36;matmul=4096,3,20,compute,0.015373120
sync,int4;blocks=36;matmul=4096,3,21,compute,0.017125856
sync,int4;blocks=36;matmul=4096,3,22,compute,0.015062624
sync,int4;blocks=36;matmul=4096,3,23,compute,0.015793952
sync,int4;blocks=36;matmul=4096,3,24,compute,0.017040319
sync,int4;blocks=36;matmul=4096,3,25,compute,0.015383040
sync,int4;blocks=36;matmul=4096,3,26,compute,0.015376736
sync,int4;blocks=36;matmul=4096,3,27,compute,0.016137089
sync,int4;blocks=36;matmul=4096,3,28,compute,0.014807296
sync,int4;blocks=36;matmul=4096,3,29,compute,0.015970016
sync,int4;blocks=36;matmul=4096,3,30,compute,0.016215391
sync,int4;blocks=36;matmul=4096,3,31,compute,0.014825056
sync,int4;blocks=36;matmul=4096,3,32,compute,0.015824064
sync,int4;blocks=36;matmul=4096,3,33,compute,0.016028929
sync,int4;blocks=36;matmul=4096,3,34,compute,0.015378080
sync,int4;blocks=36;matmul=4096,3,35,compute,0.017256128
double_buffer,int4;blocks=36;matmul=4096,1,0,read,0.155637700
double_buffer,int4;blocks=36;matmul=4096,1,1,read,0.040198700
double_buffer,int4;blocks=36;matmul=4096,1,2,read,0.162306500
double_buffer,int4;blocks=36;matmul=4096,1,3,read,0.041643400
double_buffer,int4;blocks=36;matmul=4096,1,4,read,0.070141300
double_buffer,int4;blocks=36;matmul=4096,1,5,read,0.136500200
double_buffer,int4;blocks=36;matmul=4096,1,6,read,0.042286300
double_buffer,int4;blocks=36;matmul=4096,1,7,read,0.041871000
double_buffer,int4;blocks=36;matmul=4096,1,8,read,0.040232100
double_buffer,int4;blocks=36;matmul=4096,1,9,read,0.041629500
double_buffer,int4;blocks=36;matmul=4096,1,10,read,0.041031100
double_buffer,int4;blocks=36;matmul=4096,1,11,read,0.042504500
double_buffer,int4;blocks=36;matmul=4096,1,12,read,0.041617900
double_buffer,int4;blocks=36;matmul=4096,1,13,read,0.043664800
double_buffer,int4;blocks=36;matmul=4096,1,14,read,0.040114200
double_buffer,int4;blocks=36;matmul=4096,1,15,read,0.040711800
double_buffer,int4;blocks=36;matmul=4096,1,16,read,0.039700000
double_buffer,int4;blocks=36;matmul=4096,1,17,read,0.042247400
double_buffer,int4;blocks=36;matmul=4096,1,18,read,0.041834600
double_buffer,int4;blocks=36;matmul=4096,1,19,read,0.042339700
double_buffer,int4;blocks=36;matmul=4096,1,20,read,0.042471700
double_buffer,int4;blocks=36;matmul=4096,1,21,read,0.042761800
double_buffer,int4;blocks=36;matmul=4096,1,22,read,0.042006800
double_buffer,int4;blocks=36;matmul=4096,1,23,read,0.041513000
double_buffer,int4;blocks=36;matmul=4096,1,24,read,0.042269000
double_buffer,int4;blocks=36;matmul=4096,1,25,read,0.041528300
double_buffer,int4;blocks=36;matmul=4096,1,26,read,0.041495800
double_buffer,int4;blocks=36;matmul=4096,1,27,read,0.041960400
double_buffer,int4;blocks=36;matmul=4096,1,28,read,0.041385400
double_buffer,int4;blocks=36;matmul=4096,1,29,read,0.042081000
double_buffer,int4;blocks=36;matmul=4096,1,30,read,0.043131000
double_buffer,int4;blocks=36;matmul=4096,1,31,read,0.042105500
double_buffer,int4;blocks=36;matmul=4096,1,32,read,0.040896800
double_buffer,int4;blocks=36;matmul=4096,1,33,read,0.040879300
double_buffer,int4;blocks=36;matmul=4096,1,34,read,0.042799200
double_buffer,int4;blocks=36;matmul=4096,1,35,read,0.041952300
double_buffer,int4;blocks=36;matmul=4096,1,0,stage_copy,0.006284300
double_buffer,int4;blocks=36;matmul=4096,1,1,stage_copy,0.006204500
double_buffer,int4;blocks=36;matmul=4096,1,2,stage_copy,0.007127600
double_buffer,int4;blocks=36;matmul=4096,1,3,stage_copy,0.006527900
double_buffer,int4;blocks=36;matmul=4096,1,4,stage_copy,0.006527700
double_buffer,int4;blocks=36;matmul=4096,1,5,stage_copy,0.006098000
double_buffer,int4;blocks=36;matmul=4096,1,6,stage_copy,0.006512900
double_buffer,int4;blocks=36;matmul=4096,1,7,stage_copy,0.006449400
double_buffer,int4;blocks=36;matmul=4096,1,8,stage_copy,0.006117100
double_buffer,int4;blocks=36;matmul=4096,1,9,stage_copy,0.006271600
double_buffer,int4;blocks=36;matmul=4096,1,10,stage_copy,0.006419700
double_buffer,int4;blocks=36;matmul=4096,1,11,stage_copy,0.007131700
double_buffer,int4;blocks=36;matmul=4096,1,12,stage_copy,0.006171300
double_buffer,int4;blocks=36;matmul=4096,1,13,stage_copy,0.006725700
double_buffer,int4;blocks=36;matmul=4096,1,14,stage_copy,0.006440500
double_buffer,int4;blocks=36;matmul=4096,1,15,stage_copy,0.006395900
double_buffer,int4;blocks=36;matmul=4096,1,16,stage_copy,0.006773700
double_buffer,int4;blocks=36;matmul=4096,1,17,stage_copy,0.006410000
double_buffer,int4;blocks=36;matmul=4096,1,18,stage_copy,0.006348600
double_buffer,int4;blocks=36;matmul=4096,1,19,stage_copy,0.006072000
double_buffer,int4;blocks=36;matmul=4096,1,20,stage_copy,0.006007200
double_buffer,int4;blocks=36;matmul=4096,1,21,stage_copy,0.006708500
double_buffer,int4;blocks=36;matmul=4096,1,22,stage_copy,0.006716300
double_buffer,int4;blocks=36;matmul=4096,1,23,stage_copy,0.006982300
double_buffer,int4;blocks=36;matmul=4096,1,24,stage_copy,0.006632600
double_buffer,int4;blocks=36;matmul=4096,1,25,stage_copy,0.006613700
double_buffer,int4;blocks=36;matmul=4096,1,26,stage_copy,0.006994400
double_buffer,int4;blocks=36;matmul=4096,1,27,stage_copy,0.006496100
double_buffer,int4;blocks=36;matmul=4096,1,28,stage_copy,0.006180600
double_buffer,int4;blocks=36;matmul=4096,1,29,stage_copy,0.006703900
double_buffer,int4;blocks=36;matmul=4096,1,30,stage_copy,0.006357400
double_buffer,int4;blocks=36;matmul=4096,1,31,stage_copy,0.006845500
double_buffer,int4;blocks=36;matmul=4096,1,32,stage_copy,0.006571000
double_buffer,int4;blocks=36;matmul=4096,1,33,stage_copy,0.006535600
double_buffer,int4;blocks=36;matmul=4096,1,34,stage_copy,0.006109600
double_buffer,int4;blocks=36;matmul=4096,1,35,stage_copy,0.006045500
double_buffer,int4;blocks=36;matmul=4096,1,0,h2d,0.004964576
double_buffer,int4;blocks=36;matmul=4096,1,1,h2d,0.005040064
double_buffer,int4;blocks=36;matmul=4096,1,2,h2d,0.004953440
double_buffer,int4;blocks=36;matmul=4096,1,3,h2d,0.005002016
double_buffer,int4;blocks=36;matmul=4096,1,4,h2d,0.005045984
double_buffer,int4;blocks=36;matmul=4096,1,5,h2d,0.005031232
double_buffer,int4;blocks=36;matmul=4096,1,6,h2d,0.005028704
double_buffer,int4;blocks=36;matmul=4096,1,7,h2d,0.004998496
double_buffer,int4;blocks=36;matmul=4096,1,8,h2d,0.004960160
double_buffer,int4;blocks=36;matmul=4096,1,9,h2d,0.004963552
double_buffer,int4;blocks=36;matmul=4096,1,10,h2d,0.004805984
double_buffer,int4;blocks=36;matmul=4096,1,11,h2d,0.004967808
double_buffer,int4;blocks=36;matmul=4096,1,12,h2d,0.004883008
double_buffer,int4;blocks=36;matmul=4096,1,13,h2d,0.004811936
double_buffer,int4;blocks=36;matmul=4096,1,14,h2d,0.004730656
double_buffer,int4;blocks=36;matmul=4096,1,15,h2d,0.004681504
double_buffer,int4;blocks=36;matmul=4096,1,16,h2d,0.004650592
double_buffer,int4;blocks=36;matmul=4096,1,17,h2d,0.004700320
double_buffer,int4;blocks=36;matmul=4096,1,18,h2d,0.004674272
double_buffer,int4;blocks=36;matmul=4096,1,19,h2d,0.004614016
double_buffer,int4;blocks=36;matmul=4096,1,20,h2d,0.004686528
double_buffer,int4;blocks=36;matmul=4096,1,21,h2d,0.004599328
double_buffer,int4;blocks=36;matmul=4096,1,22,h2d,0.004579008
double_buffer,int4;blocks=36;matmul=4096,1,23,h2d,0.004612672
double_buffer,int4;blocks=36;matmul=4096,1,24,h2d,0.004656800
double_buffer,int4;blocks=36;matmul=4096,1,25,h2d,0.004617888
double_buffer,int4;blocks=36;matmul=4096,1,26,h2d,0.004692000
double_buffer,int4;blocks=36;matmul=4096,1,27,h2d,0.004837728
double_buffer,int4;blocks=36;matmul=4096,1,28,h2d,0.004713472
double_buffer,int4;blocks=36;matmul=4096,1,29,h2d,0.004796608
double_buffer,int4;blocks=36;matmul=4096,1,30,h2d,0.004711872
double_buffer,int4;blocks=36;matmul=4096,1,31,h2d,0.004604000
double_buffer,int4;blocks=36;matmul=4096,1,32,h2d,0.004702400
double_buffer,int4;blocks=36;matmul=4096,1,33,h2d,0.004653440
double_buffer,int4;blocks=36;matmul=4096,1,34,h2d,0.004772352
double_buffer,int4;blocks=36;matmul=4096,1,35,h2d,0.004606656
double_buffer,int4;blocks=36;matmul=4096,1,0,compute,0.016047104
double_buffer,int4;blocks=36;matmul=4096,1,1,compute,0.015174656
double_buffer,int4;blocks=36;matmul=4096,1,2,compute,0.016212992
double_buffer,int4;blocks=36;matmul=4096,1,3,compute,0.014566400
double_buffer,int4;blocks=36;matmul=4096,1,4,compute,0.018366465
double_buffer,int4;blocks=36;matmul=4096,1,5,compute,0.016452608
double_buffer,int4;blocks=36;matmul=4096,1,6,compute,0.016952320
double_buffer,int4;blocks=36;matmul=4096,1,7,compute,0.016268288
double_buffer,int4;blocks=36;matmul=4096,1,8,compute,0.017375233
double_buffer,int4;blocks=36;matmul=4096,1,9,compute,0.015640576
double_buffer,int4;blocks=36;matmul=4096,1,10,compute,0.017874945
double_buffer,int4;blocks=36;matmul=4096,1,11,compute,0.016474112
double_buffer,int4;blocks=36;matmul=4096,1,12,compute,0.015266816
double_buffer,int4;blocks=36;matmul=4096,1,13,compute,0.014565376
double_buffer,int4;blocks=36;matmul=4096,1,14,compute,0.016107519
double_buffer,int4;blocks=36;matmul=4096,1,15,compute,0.016793600
double_buffer,int4;blocks=36;matmul=4096,1,16,compute,0.017134592
double_buffer,int4;blocks=36;matmul=4096,1,17,compute,0.015272960
double_buffer,int4;blocks=36;matmul=4096,1,18,compute,0.015826944
double_buffer,int4;blocks=36;matmul=4096,1,19,compute,0.014827520
double_buffer,int4;blocks=36;matmul=4096,1,20,compute,0.015578112
double_buffer,int4;blocks=36;matmul=4096,1,21,compute,0.015087616
double_buffer,int4;blocks=36;matmul=4096,1,22,compute,0.014754816
double_buffer,int4;blocks=36;matmul=4096,1,23,compute,0.014524416
double_buffer,int4;blocks=36;matmul=4096,1,24,compute,0.013839360
double_buffer,int4;blocks=36;matmul=4096,1,25,compute,0.013838336
double_buffer,int4;blocks=36;matmul=4096,1,26,compute,0.014908416
double_buffer,int4;blocks=36;matmul=4096,1,27,compute,0.015282176
double_buffer,int4;blocks=36;matmul=4096,1,28,compute,0.015594496
double_buffer,int4;blocks=36;matmul=4096,1,29,compute,0.015085568
double_buffer,int4;blocks=36;matmul=4096,1,30,compute,0.014528512
double_buffer,int4;blocks=36;matmul=4096,1,31,compute,0.014468096
double_buffer,int4;blocks=36;matmul=4096,1,32,compute,0.015944704
double_buffer,int4;blocks=36;matmul=4096,1,33,compute,0.016851969
double_buffer,int4;blocks=36;matmul=4096,1,34,compute,0.014492672
double_buffer,int4;blocks=36;matmul=4096,1,35,compute,0.013577216
double_buffer,int4;blocks=36;matmul=4096,2,0,read,0.146592400
double_buffer,int4;blocks=36;matmul=4096,2,1,read,0.041153200
double_buffer,int4;blocks=36;matmul=4096,2,2,read,0.163161900
double_buffer,int4;blocks=36;matmul=4096,2,3,read,0.040950000
double_buffer,int4;blocks=36;matmul=4096,2,4,read,0.067637200
double_buffer,int4;blocks=36;matmul=4096,2,5,read,0.138179500
double_buffer,int4;blocks=36;matmul=4096,2,6,read,0.041014300
double_buffer,int4;blocks=36;matmul=4096,2,7,read,0.041663100
double_buffer,int4;blocks=36;matmul=4096,2,8,read,0.040533700
double_buffer,int4;blocks=36;matmul=4096,2,9,read,0.042222200
double_buffer,int4;blocks=36;matmul=4096,2,10,read,0.041515900
double_buffer,int4;blocks=36;matmul=4096,2,11,read,0.041225000
double_buffer,int4;blocks=36;matmul=4096,2,12,read,0.040355700
double_buffer,int4;blocks=36;matmul=4096,2,13,read,0.041925700
double_buffer,int4;blocks=36;matmul=4096,2,14,read,0.042542800
double_buffer,int4;blocks=36;matmul=4096,2,15,read,0.040889700
double_buffer,int4;blocks=36;matmul=4096,2,16,read,0.040535500
double_buffer,int4;blocks=36;matmul=4096,2,17,read,0.041412300
double_buffer,int4;blocks=36;matmul=4096,2,18,read,0.040955900
double_buffer,int4;blocks=36;matmul=4096,2,19,read,0.042890300
double_buffer,int4;blocks=36;matmul=4096,2,20,read,0.042177500
double_buffer,int4;blocks=36;matmul=4096,2,21,read,0.041157300
double_buffer,int4;blocks=36;matmul=4096,2,22,read,0.041872100
double_buffer,int4;blocks=36;matmul=4096,2,23,read,0.041063600
double_buffer,int4;blocks=36;matmul=4096,2,24,read,0.044937400
double_buffer,int4;blocks=36;matmul=4096,2,25,read,0.041500800
double_buffer,int4;blocks=36;matmul=4096,2,26,read,0.041636300
double_buffer,int4;blocks=36;matmul=4096,2,27,read,0.041668600
double_buffer,int4;blocks=36;matmul=4096,2,28,read,0.040997700
double_buffer,int4;blocks=36;matmul=4096,2,29,read,0.061531600
double_buffer,int4;blocks=36;matmul=4096,2,30,read,0.041000000
double_buffer,int4;blocks=36;matmul=4096,2,31,read,0.041376100
double_buffer,int4;blocks=36;matmul=4096,2,32,read,0.039590600
double_buffer,int4;blocks=36;matmul=4096,2,33,read,0.042245500
double_buffer,int4;blocks=36;matmul=4096,2,34,read,0.041559200
double_buffer,int4;blocks=36;matmul=4096,2,35,read,0.041154500
double_buffer,int4;blocks=36;matmul=4096,2,0,stage_copy,0.006260000
double_buffer,int4;blocks=36;matmul=4096,2,1,stage_copy,0.006372000
double_buffer,int4;blocks=36;matmul=4096,2,2,stage_copy,0.006888300
double_buffer,int4;blocks=36;matmul=4096,2,3,stage_copy,0.006583300
double_buffer,int4;blocks=36;matmul=4096,2,4,stage_copy,0.006355800
double_buffer,int4;blocks=36;matmul=4096,2,5,stage_copy,0.006004800
double_buffer,int4;blocks=36;matmul=4096,2,6,stage_copy,0.007736200
double_buffer,int4;blocks=36;matmul=4096,2,7,stage_copy,0.006322700
double_buffer,int4;blocks=36;matmul=4096,2,8,stage_copy,0.006645700
double_buffer,int4;blocks=36;matmul=4096,2,9,stage_copy,0.006409500
double_buffer,int4;blocks=36;matmul=4096,2,10,stage_copy,0.006255200
double_buffer,int4;blocks=36;matmul=4096,2,11,stage_copy,0.006192600
double_buffer,int4;blocks=36;matmul=4096,2,12,stage_copy,0.006632400
double_buffer,int4;blocks=36;matmul=4096,2,13,stage_copy,0.006308300
double_buffer,int4;blocks=36;matmul=4096,2,14,stage_copy,0.006262000
double_buffer,int4;blocks=36;matmul=4096,2,15,stage_copy,0.006033200
double_buffer,int4;blocks=36;matmul=4096,2,16,stage_copy,0.005939200
double_buffer,int4;blocks=36;matmul=4096,2,17,stage_copy,0.006140600
double_buffer,int4;blocks=36;matmul=4096,2,18,stage_copy,0.006285800
double_buffer,int4;blocks=36;matmul=4096,2,19,stage_copy,0.006063300
double_buffer,int4;blocks=36;matmul=4096,2,20,stage_copy,0.006290500
double_buffer,int4;blocks=36;matmul=4096,2,21,stage_copy,0.006951200
double_buffer,int4;blocks=36;matmul=4096,2,22,stage_copy,0.007137400
double_buffer,int4;blocks=36;matmul=4096,2,23,stage_copy,0.006716200
double_buffer,int4;blocks=36;matmul=4096,2,24,stage_copy,0.006149300
double_buffer,int4;blocks=36;matmul=4096,2,25,stage_copy,0.006142900
double_buffer,int4;blocks=36;matmul=4096,2,26,stage_copy,0.006319800
double_buffer,int4;blocks=36;matmul=4096,2,27,stage_copy,0.006323900
double_buffer,int4;blocks=36;matmul=4096,2,28,stage_copy,0.006722000
double_buffer,int4;blocks=36;matmul=4096,2,29,stage_copy,0.006718100
double_buffer,int4;blocks=36;matmul=4096,2,30,stage_copy,0.006035900
double_buffer,int4;blocks=36;matmul=4096,2,31,stage_copy,0.006280400
double_buffer,int4;blocks=36;matmul=4096,2,32,stage_copy,0.005783400
double_buffer,int4;blocks=36;matmul=4096,2,33,stage_copy,0.005848600
double_buffer,int4;blocks=36;matmul=4096,2,34,stage_copy,0.005797900
double_buffer,int4;blocks=36;matmul=4096,2,35,stage_copy,0.005911700
double_buffer,int4;blocks=36;matmul=4096,2,0,h2d,0.004568320
double_buffer,int4;blocks=36;matmul=4096,2,1,h2d,0.004608672
double_buffer,int4;blocks=36;matmul=4096,2,2,h2d,0.004707456
double_buffer,int4;blocks=36;matmul=4096,2,3,h2d,0.004669184
double_buffer,int4;blocks=36;matmul=4096,2,4,h2d,0.004599680
double_buffer,int4;blocks=36;matmul=4096,2,5,h2d,0.004660128
double_buffer,int4;blocks=36;matmul=4096,2,6,h2d,0.004661248
double_buffer,int4;blocks=36;matmul=4096,2,7,h2d,0.004616928
double_buffer,int4;blocks=36;matmul=4096,2,8,h2d,0.004974944
double_buffer,int4;blocks=36;matmul=4096,2,9,h2d,0.004594112
double_buffer,int4;blocks=36;matmul=4096,2,10,h2d,0.004683392
double_buffer,int4;blocks=36;matmul=4096,2,11,h2d,0.004754432
double_buffer,int4;blocks=36;matmul=4096,2,12,h2d,0.004589120
double_buffer,int4;blocks=36;matmul=4096,2,13,h2d,0.004612768
double_buffer,int4;blocks=36;matmul=4096,2,14,h2d,0.004590112
double_buffer,int4;blocks=36;matmul=4096,2,15,h2d,0.004573856
double_buffer,int4;blocks=36;matmul=4096,2,16,h2d,0.004603168
double_buffer,int4;blocks=36;matmul=4096,2,17,h2d,0.004673280
double_buffer,int4;blocks=36;matmul=4096,2,18,h2d,0.004618560
double_buffer,int4;blocks=36;matmul=4096,2,19,h2d,0.004592384
double_buffer,int4;blocks=36;matmul=4096,2,20,h2d,0.004609504
double_buffer,int4;blocks=36;matmul=4096,2,21,h2d,0.004699616
double_buffer,int4;blocks=36;matmul=4096,2,22,h2d,0.004847872
double_buffer,int4;blocks=36;matmul=4096,2,23,h2d,0.004648576
double_buffer,int4;blocks=36;matmul=4096,2,24,h2d,0.004685344
double_buffer,int4;blocks=36;matmul=4096,2,25,h2d,0.004776544
double_buffer,int4;blocks=36;matmul=4096,2,26,h2d,0.004629760
double_buffer,int4;blocks=36;matmul=4096,2,27,h2d,0.004638208
double_buffer,int4;blocks=36;matmul=4096,2,28,h2d,0.004725088
double_buffer,int4;blocks=36;matmul=4096,2,29,h2d,0.004664256
double_buffer,int4;blocks=36;matmul=4096,2,30,h2d,0.004619744
double_buffer,int4;blocks=36;matmul=4096,2,31,h2d,0.004662336
double_buffer,int4;blocks=36;matmul=4096,2,32,h2d,0.004584128
double_buffer,int4;blocks=36;matmul=4096,2,33,h2d,0.004641152
double_buffer,int4;blocks=36;matmul=4096,2,34,h2d,0.004599904
double_buffer,int4;blocks=36;matmul=4096,2,35,h2d,0.004585696
double_buffer,int4;blocks=36;matmul=4096,2,0,compute,0.017076223
double_buffer,int4;blocks=36;matmul=4096,2,1,compute,0.015068160
double_buffer,int4;blocks=36;matmul=4096,2,2,compute,0.014928896
double_buffer,int4;blocks=36;matmul=4096,2,3,compute,0.015677440
double_buffer,int4;blocks=36;matmul=4096,2,4,compute,0.015172608
double_buffer,int4;blocks=36;matmul=4096,2,5,compute,0.014384128
double_buffer,int4;blocks=36;matmul=4096,2,6,compute,0.015230976
double_buffer,int4;blocks=36;matmul=4096,2,7,compute,0.014778368
double_buffer,int4;blocks=36;matmul=4096,2,8,compute,0.016335873
double_buffer,int4;blocks=36;matmul=4096,2,9,compute,0.016243711
double_buffer,int4;blocks=36;matmul=4096,2,10,compute,0.015097856
double_buffer,int4;blocks=36;matmul=4096,2,11,compute,0.013388800
double_buffer,int4;blocks=36;matmul=4096,2,12,compute,0.013417472
double_buffer,int4;blocks=36;matmul=4096,2,13,compute,0.013378560
double_buffer,int4;blocks=36;matmul=4096,2,14,compute,0.014608384
double_buffer,int4;blocks=36;matmul=4096,2,15,compute,0.014896128
double_buffer,int4;blocks=36;matmul=4096,2,16,compute,0.013679616
double_buffer,int4;blocks=36;matmul=4096,2,17,compute,0.013313024
double_buffer,int4;blocks=36;matmul=4096,2,18,compute,0.013211648
double_buffer,int4;blocks=36;matmul=4096,2,19,compute,0.013313024
double_buffer,int4;blocks=36;matmul=4096,2,20,compute,0.014436352
double_buffer,int4;blocks=36;matmul=4096,2,21,compute,0.015075328
double_buffer,int4;blocks=36;matmul=4096,2,22,compute,0.014153728
double_buffer,int4;blocks=36;matmul=4096,2,23,compute,0.015308800
double_buffer,int4;blocks=36;matmul=4096,2,24,compute,0.014142464
double_buffer,int4;blocks=36;matmul=4096,2,25,compute,0.013392896
double_buffer,int4;blocks=36;matmul=4096,2,26,compute,0.014663680
double_buffer,int4;blocks=36;matmul=4096,2,27,compute,0.015121408
double_buffer,int4;blocks=36;matmul=4096,2,28,compute,0.013700096
double_buffer,int4;blocks=36;matmul=4096,2,29,compute,0.014630912
double_buffer,int4;blocks=36;matmul=4096,2,30,compute,0.014729216
double_buffer,int4;blocks=36;matmul=4096,2,31,compute,0.015557632
double_buffer,int4;blocks=36;matmul=4096,2,32,compute,0.013580288
double_buffer,int4;blocks=36;matmul=4096,2,33,compute,0.013402112
double_buffer,int4;blocks=36;matmul=4096,2,34,compute,0.013461504
double_buffer,int4;blocks=36;matmul=4096,2,35,compute,0.014669824
double_buffer,int4;blocks=36;matmul=4096,3,0,read,0.153636400
double_buffer,int4;blocks=36;matmul=4096,3,1,read,0.041116300
double_buffer,int4;blocks=36;matmul=4096,3,2,read,0.161102600
double_buffer,int4;blocks=36;matmul=4096,3,3,read,0.042034800
double_buffer,int4;blocks=36;matmul=4096,3,4,read,0.068663900
double_buffer,int4;blocks=36;matmul=4096,3,5,read,0.142024400
double_buffer,int4;blocks=36;matmul=4096,3,6,read,0.040804600
double_buffer,int4;blocks=36;matmul=4096,3,7,read,0.039592400
double_buffer,int4;blocks=36;matmul=4096,3,8,read,0.041718500
double_buffer,int4;blocks=36;matmul=4096,3,9,read,0.041667800
double_buffer,int4;blocks=36;matmul=4096,3,10,read,0.041624000
double_buffer,int4;blocks=36;matmul=4096,3,11,read,0.045740500
double_buffer,int4;blocks=36;matmul=4096,3,12,read,0.041805600
double_buffer,int4;blocks=36;matmul=4096,3,13,read,0.042777500
double_buffer,int4;blocks=36;matmul=4096,3,14,read,0.040574500
double_buffer,int4;blocks=36;matmul=4096,3,15,read,0.040887300
double_buffer,int4;blocks=36;matmul=4096,3,16,read,0.040523100
double_buffer,int4;blocks=36;matmul=4096,3,17,read,0.042787700
double_buffer,int4;blocks=36;matmul=4096,3,18,read,0.041973500
double_buffer,int4;blocks=36;matmul=4096,3,19,read,0.041007000
double_buffer,int4;blocks=36;matmul=4096,3,20,read,0.043020600
double_buffer,int4;blocks=36;matmul=4096,3,21,read,0.042122600
double_buffer,int4;blocks=36;matmul=4096,3,22,read,0.042534800
double_buffer,int4;blocks=36;matmul=4096,3,23,read,0.042030500
double_buffer,int4;blocks=36;matmul=4096,3,24,read,0.041665400
double_buffer,int4;blocks=36;matmul=4096,3,25,read,0.041354500
double_buffer,int4;blocks=36;matmul=4096,3,26,read,0.041453200
double_buffer,int4;blocks=36;matmul=4096,3,27,read,0.040770400
double_buffer,int4;blocks=36;matmul=4096,3,28,read,0.040554000
double_buffer,int4;blocks=36;matmul=4096,3,29,read,0.040513300
double_buffer,int4;blocks=36;matmul=4096,3,30,read,0.042043500
double_buffer,int4;blocks=36;matmul=4096,3,31,read,0.040066400
double_buffer,int4;blocks=36;matmul=4096,3,32,read,0.040154200
double_buffer,int4;blocks=36;matmul=4096,3,33,read,0.042209200
double_buffer,int4;blocks=36;matmul=4096,3,34,read,0.041358800
double_buffer,int4;blocks=36;matmul=4096,3,35,read,0.042062300
double_buffer,int4;blocks=36;matmul=4096,3,0,stage_copy,0.006772900
double_buffer,int4;blocks=36;matmul=4096,3,1,stage_copy,0.006441900
double_buffer,int4;blocks=36;matmul=4096,3,2,stage_copy,0.006860300
double_buffer,int4;blocks=36;matmul=4096,3,3,stage_copy,0.006800700
double_buffer,int4;blocks=36;matmul=4096,3,4,stage_copy,0.006988300
double_buffer,int4;blocks=36;matmul=4096,3,5,stage_copy,0.006709200
double_buffer,int4;blocks=36;matmul=4096,3,6,stage_copy,0.006468700
double_buffer,int4;blocks=36;matmul=4096,3,7,stage_copy,0.006971800
double_buffer,int4;blocks=36;matmul=4096,3,8,stage_copy,0.006269700
double_buffer,int4;blocks=36;matmul=4096,3,9,stage_copy,0.006972900
double_buffer,int4;blocks=36;matmul=4096,3,10,stage_copy,0.008689900
double_buffer,int4;blocks=36;matmul=4096,3,11,stage_copy,0.008130300
double_buffer,int4;blocks=36;matmul=4096,3,12,stage_copy,0.007267000
double_buffer,int4;blocks=36;matmul=4096,3,13,stage_copy,0.007087200
double_buffer,int4;blocks=36;matmul=4096,3,14,stage_copy,0.006878700
double_buffer,int4;blocks=36;matmul=4096,3,15,stage_copy,0.007103000
double_buffer,int4;blocks=36;matmul=4096,3,16,stage_copy,0.006861600
double_buffer,int4;blocks=36;matmul=4096,3,17,stage_copy,0.007087800
double_buffer,int4;blocks=36;matmul=4096,3,18,stage_copy,0.006659000
double_buffer,int4;blocks=36;matmul=4096,3,19,stage_copy,0.007272300
double_buffer,int4;blocks=36;matmul=4096,3,20,stage_copy,0.006814200
double_buffer,int4;blocks=36;matmul=4096,3,21,stage_copy,0.008067500
double_buffer,int4;blocks=36;matmul=4096,3,22,stage_copy,0.007632300
double_buffer,int4;blocks=36;matmul=4096,3,23,stage_copy,0.009318200
double_buffer,int4;blocks=36;matmul=4096,3,24,stage_copy,0.007379900
double_buffer,int4;blocks=36;matmul=4096,3,25,stage_copy,0.006271500
double_buffer,int4;blocks=36;matmul=4096,3,26,stage_copy,0.006391700
double_buffer,int4;blocks=36;matmul=4096,3,27,stage_copy,0.006136100
double_buffer,int4;blocks=36;matmul=4096,3,28,stage_copy,0.006253300
double_buffer,int4;blocks=36;matmul=4096,3,29,stage_copy,0.006844600
double_buffer,int4;blocks=36;matmul=4096,3,30,stage_copy,0.006597300
double_buffer,int4;blocks=36;matmul=4096,3,31,stage_copy,0.006321300
double_buffer,int4;blocks=36;matmul=4096,3,32,stage_copy,0.006206900
double_buffer,int4;blocks=36;matmul=4096,3,33,stage_copy,0.006130900
double_buffer,int4;blocks=36;matmul=4096,3,34,stage_copy,0.006185900
double_buffer,int4;blocks=36;matmul=4096,3,35,stage_copy,0.006719100
double_buffer,int4;blocks=36;matmul=4096,3,0,h2d,0.004557408
double_buffer,int4;blocks=36;matmul=4096,3,1,h2d,0.004590528
double_buffer,int4;blocks=36;matmul=4096,3,2,h2d,0.004656768
double_buffer,int4;blocks=36;matmul=4096,3,3,h2d,0.004859552
double_buffer,int4;blocks=36;matmul=4096,3,4,h2d,0.004657984
double_buffer,int4;blocks=36;matmul=4096,3,5,h2d,0.004609280
double_buffer,int4;blocks=36;matmul=4096,3,6,h2d,0.004704512
double_buffer,int4;blocks=36;matmul=4096,3,7,h2d,0.004822688
double_buffer,int4;blocks=36;matmul=4096,3,8,h2d,0.004764096
double_buffer,int4;blocks=36;matmul=4096,3,9,h2d,0.004748192
double_buffer,int4;blocks=36;matmul=4096,3,10,h2d,0.006019744
double_buffer,int4;blocks=36;matmul=4096,3,11,h2d,0.004975680
double_buffer,int4;blocks=36;matmul=4096,3,12,h2d,0.004679936
double_buffer,int4;blocks=36;matmul=4096,3,13,h2d,0.004575744
double_buffer,int4;blocks=36;matmul=4096,3,14,h2d,0.004616224
double_buffer,int4;blocks=36;matmul=4096,3,15,h2d,0.004621344
double_buffer,int4;blocks=36;matmul=4096,3,16,h2d,0.004576800
double_buffer,int4;blocks=36;matmul=4096,3,17,h2d,0.004595840
double_buffer,int4;blocks=36;matmul=4096,3,18,h2d,0.004630144
double_buffer,int4;blocks=36;matmul=4096,3,19,h2d,0.004624768
double_buffer,int4;blocks=36;matmul=4096,3,20,h2d,0.004622144
double_buffer,int4;blocks=36;matmul=4096,3,21,h2d,0.004678624
double_buffer,int4;blocks=36;matmul=4096,3,22,h2d,0.004636544
double_buffer,int4;blocks=36;matmul=4096,3,23,h2d,0.004954368
double_buffer,int4;blocks=36;matmul=4096,3,24,h2d,0.004637280
double_buffer,int4;blocks=36;matmul=4096,3,25,h2d,0.004631360
double_buffer,int4;blocks=36;matmul=4096,3,26,h2d,0.004655392
double_buffer,int4;blocks=36;matmul=4096,3,27,h2d,0.004628576
double_buffer,int4;blocks=36;matmul=4096,3,28,h2d,0.004612032
double_buffer,int4;blocks=36;matmul=4096,3,29,h2d,0.004596160
double_buffer,int4;blocks=36;matmul=4096,3,30,h2d,0.004634368
double_buffer,int4;blocks=36;matmul=4096,3,31,h2d,0.004604032
double_buffer,int4;blocks=36;matmul=4096,3,32,h2d,0.004682784
double_buffer,int4;blocks=36;matmul=4096,3,33,h2d,0.004656480
double_buffer,int4;blocks=36;matmul=4096,3,34,h2d,0.004704640
double_buffer,int4;blocks=36;matmul=4096,3,35,h2d,0.004623328
double_buffer,int4;blocks=36;matmul=4096,3,0,compute,0.014383104
double_buffer,int4;blocks=36;matmul=4096,3,1,compute,0.012976128
double_buffer,int4;blocks=36;matmul=4096,3,2,compute,0.013197312
double_buffer,int4;blocks=36;matmul=4096,3,3,compute,0.013264896
double_buffer,int4;blocks=36;matmul=4096,3,4,compute,0.014005248
double_buffer,int4;blocks=36;matmul=4096,3,5,compute,0.015229952
double_buffer,int4;blocks=36;matmul=4096,3,6,compute,0.013490176
double_buffer,int4;blocks=36;matmul=4096,3,7,compute,0.013129728
double_buffer,int4;blocks=36;matmul=4096,3,8,compute,0.013480960
double_buffer,int4;blocks=36;matmul=4096,3,9,compute,0.013456384
double_buffer,int4;blocks=36;matmul=4096,3,10,compute,0.015331328
double_buffer,int4;blocks=36;matmul=4096,3,11,compute,0.013347840
double_buffer,int4;blocks=36;matmul=4096,3,12,compute,0.013631488
double_buffer,int4;blocks=36;matmul=4096,3,13,compute,0.014582784
double_buffer,int4;blocks=36;matmul=4096,3,14,compute,0.013967360
double_buffer,int4;blocks=36;matmul=4096,3,15,compute,0.015855616
double_buffer,int4;blocks=36;matmul=4096,3,16,compute,0.014051328
double_buffer,int4;blocks=36;matmul=4096,3,17,compute,0.013675520
double_buffer,int4;blocks=36;matmul=4096,3,18,compute,0.014004224
double_buffer,int4;blocks=36;matmul=4096,3,19,compute,0.013185024
double_buffer,int4;blocks=36;matmul=4096,3,20,compute,0.014119936
double_buffer,int4;blocks=36;matmul=4096,3,21,compute,0.013527040
double_buffer,int4;blocks=36;matmul=4096,3,22,compute,0.013701120
double_buffer,int4;blocks=36;matmul=4096,3,23,compute,0.013216768
double_buffer,int4;blocks=36;matmul=4096,3,24,compute,0.013148160
double_buffer,int4;blocks=36;matmul=4096,3,25,compute,0.014042112
double_buffer,int4;blocks=36;matmul=4096,3,26,compute,0.014093312
double_buffer,int4;blocks=36;matmul=4096,3,27,compute,0.013333504
double_buffer,int4;blocks=36;matmul=4096,3,28,compute,0.013478912
double_buffer,int4;blocks=36;matmul=4096,3,29,compute,0.013063168
double_buffer,int4;blocks=36;matmul=4096,3,30,compute,0.012821504
double_buffer,int4;blocks=36;matmul=4096,3,31,compute,0.013566976
double_buffer,int4;blocks=36;matmul=4096,3,32,compute,0.014158848
double_buffer,int4;blocks=36;matmul=4096,3,33,compute,0.014359552
double_buffer,int4;blocks=36;matmul=4096,3,34,compute,0.015491072
double_buffer,int4;blocks=36;matmul=4096,3,35,compute,0.012181504
three_stage,int4;blocks=36;matmul=4096,1,0,read,0.152010000
three_stage,int4;blocks=36;matmul=4096,1,1,read,0.041026400
three_stage,int4;blocks=36;matmul=4096,1,2,read,0.160032600
three_stage,int4;blocks=36;matmul=4096,1,3,read,0.045546000
three_stage,int4;blocks=36;matmul=4096,1,4,read,0.068194200
three_stage,int4;blocks=36;matmul=4096,1,5,read,0.139691400
three_stage,int4;blocks=36;matmul=4096,1,6,read,0.040758400
three_stage,int4;blocks=36;matmul=4096,1,7,read,0.041069400
three_stage,int4;blocks=36;matmul=4096,1,8,read,0.041046600
three_stage,int4;blocks=36;matmul=4096,1,9,read,0.041248700
three_stage,int4;blocks=36;matmul=4096,1,10,read,0.041945100
three_stage,int4;blocks=36;matmul=4096,1,11,read,0.040858100
three_stage,int4;blocks=36;matmul=4096,1,12,read,0.040731500
three_stage,int4;blocks=36;matmul=4096,1,13,read,0.040259200
three_stage,int4;blocks=36;matmul=4096,1,14,read,0.042309700
three_stage,int4;blocks=36;matmul=4096,1,15,read,0.040369700
three_stage,int4;blocks=36;matmul=4096,1,16,read,0.041094800
three_stage,int4;blocks=36;matmul=4096,1,17,read,0.041411300
three_stage,int4;blocks=36;matmul=4096,1,18,read,0.041430100
three_stage,int4;blocks=36;matmul=4096,1,19,read,0.041727300
three_stage,int4;blocks=36;matmul=4096,1,20,read,0.044643900
three_stage,int4;blocks=36;matmul=4096,1,21,read,0.046969500
three_stage,int4;blocks=36;matmul=4096,1,22,read,0.040267400
three_stage,int4;blocks=36;matmul=4096,1,23,read,0.042779600
three_stage,int4;blocks=36;matmul=4096,1,24,read,0.042813200
three_stage,int4;blocks=36;matmul=4096,1,25,read,0.041414000
three_stage,int4;blocks=36;matmul=4096,1,26,read,0.041976700
three_stage,int4;blocks=36;matmul=4096,1,27,read,0.042264200
three_stage,int4;blocks=36;matmul=4096,1,28,read,0.040694700
three_stage,int4;blocks=36;matmul=4096,1,29,read,0.039845600
three_stage,int4;blocks=36;matmul=4096,1,30,read,0.042537000
three_stage,int4;blocks=36;matmul=4096,1,31,read,0.041636100
three_stage,int4;blocks=36;matmul=4096,1,32,read,0.040939000
three_stage,int4;blocks=36;matmul=4096,1,33,read,0.040830900
three_stage,int4;blocks=36;matmul=4096,1,34,read,0.043426400
three_stage,int4;blocks=36;matmul=4096,1,35,read,0.041587000
three_stage,int4;blocks=36;matmul=4096,1,0,stage_copy,0.006257000
three_stage,int4;blocks=36;matmul=4096,1,1,stage_copy,0.006273500
three_stage,int4;blocks=36;matmul=4096,1,2,stage_copy,0.006946900
three_stage,int4;blocks=36;matmul=4096,1,3,stage_copy,0.006967600
three_stage,int4;blocks=36;matmul=4096,1,4,stage_copy,0.007226900
three_stage,int4;blocks=36;matmul=4096,1,5,stage_copy,0.006538500
three_stage,int4;blocks=36;matmul=4096,1,6,stage_copy,0.006503400
three_stage,int4;blocks=36;matmul=4096,1,7,stage_copy,0.006297800
three_stage,int4;blocks=36;matmul=4096,1,8,stage_copy,0.006175600
three_stage,int4;blocks=36;matmul=4096,1,9,stage_copy,0.006686700
three_stage,int4;blocks=36;matmul=4096,1,10,stage_copy,0.006534100
three_stage,int4;blocks=36;matmul=4096,1,11,stage_copy,0.006513800
three_stage,int4;blocks=36;matmul=4096,1,12,stage_copy,0.006490100
three_stage,int4;blocks=36;matmul=4096,1,13,stage_copy,0.006419000
three_stage,int4;blocks=36;matmul=4096,1,14,stage_copy,0.006500500
three_stage,int4;blocks=36;matmul=4096,1,15,stage_copy,0.006711800
three_stage,int4;blocks=36;matmul=4096,1,16,stage_copy,0.006546700
three_stage,int4;blocks=36;matmul=4096,1,17,stage_copy,0.006619200
three_stage,int4;blocks=36;matmul=4096,1,18,stage_copy,0.006699900
three_stage,int4;blocks=36;matmul=4096,1,19,stage_copy,0.006929500
three_stage,int4;blocks=36;matmul=4096,1,20,stage_copy,0.006429600
three_stage,int4;blocks=36;matmul=4096,1,21,stage_copy,0.006848500
three_stage,int4;blocks=36;matmul=4096,1,22,stage_copy,0.007803400
three_stage,int4;blocks=36;matmul=4096,1,23,stage_copy,0.006601300
three_stage,int4;blocks=36;matmul=4096,1,24,stage_copy,0.006533800
three_stage,int4;blocks=36;matmul=4096,1,25,stage_copy,0.006450900
three_stage,int4;blocks=36;matmul=4096,1,26,stage_copy,0.006140400
three_stage,int4;blocks=36;matmul=4096,1,27,stage_copy,0.006531600
three_stage,int4;blocks=36;matmul=4096,1,28,stage_copy,0.006655700
three_stage,int4;blocks=36;matmul=4096,1,29,stage_copy,0.006772900
three_stage,int4;blocks=36;matmul=4096,1,30,stage_copy,0.006582700
three_stage,int4;blocks=36;matmul=4096,1,31,stage_copy,0.006461700
three_stage,int4;blocks=36;matmul=4096,1,32,stage_copy,0.006678800
three_stage,int4;blocks=36;matmul=4096,1,33,stage_copy,0.006543200
three_stage,int4;blocks=36;matmul=4096,1,34,stage_copy,0.006992600
three_stage,int4;blocks=36;matmul=4096,1,35,stage_copy,0.006830000
three_stage,int4;blocks=36;matmul=4096,1,0,h2d,0.004571424
three_stage,int4;blocks=36;matmul=4096,1,1,h2d,0.004636288
three_stage,int4;blocks=36;matmul=4096,1,2,h2d,0.004747616
three_stage,int4;blocks=36;matmul=4096,1,3,h2d,0.004650880
three_stage,int4;blocks=36;matmul=4096,1,4,h2d,0.004615040
three_stage,int4;blocks=36;matmul=4096,1,5,h2d,0.004650464
three_stage,int4;blocks=36;matmul=4096,1,6,h2d,0.004630304
three_stage,int4;blocks=36;matmul=4096,1,7,h2d,0.004679424
three_stage,int4;blocks=36;matmul=4096,1,8,h2d,0.004699744
three_stage,int4;blocks=36;matmul=4096,1,9,h2d,0.004722176
three_stage,int4;blocks=36;matmul=4096,1,10,h2d,0.004689504
three_stage,int4;blocks=36;matmul=4096,1,11,h2d,0.004691456
three_stage,int4;blocks=36;matmul=4096,1,12,h2d,0.004648416
three_stage,int4;blocks=36;matmul=4096,1,13,h2d,0.004638464
three_stage,int4;blocks=36;matmul=4096,1,14,h2d,0.004564128
three_stage,int4;blocks=36;matmul=4096,1,15,h2d,0.004665888
three_stage,int4;blocks=36;matmul=4096,1,16,h2d,0.004763008
three_stage,int4;blocks=36;matmul=4096,1,17,h2d,0.004758944
three_stage,int4;blocks=36;matmul=4096,1,18,h2d,0.004776544
three_stage,int4;blocks=36;matmul=4096,1,19,h2d,0.004701088
three_stage,int4;blocks=36;matmul=4096,1,20,h2d,0.004612096
three_stage,int4;blocks=36;matmul=4096,1,21,h2d,0.004898560
three_stage,int4;blocks=36;matmul=4096,1,22,h2d,0.004845440
three_stage,int4;blocks=36;matmul=4096,1,23,h2d,0.004604512
three_stage,int4;blocks=36;matmul=4096,1,24,h2d,0.004613728
three_stage,int4;blocks=36;matmul=4096,1,25,h2d,0.004592608
three_stage,int4;blocks=36;matmul=4096,1,26,h2d,0.004574784
three_stage,int4;blocks=36;matmul=4096,1,27,h2d,0.004632128
three_stage,int4;blocks=36;matmul=4096,1,28,h2d,0.004659904
three_stage,int4;blocks=36;matmul=4096,1,29,h2d,0.004605088
three_stage,int4;blocks=36;matmul=4096,1,30,h2d,0.004612320
three_stage,int4;blocks=36;matmul=4096,1,31,h2d,0.004711360
three_stage,int4;blocks=36;matmul=4096,1,32,h2d,0.004665312
three_stage,int4;blocks=36;matmul=4096,1,33,h2d,0.004601888
three_stage,int4;blocks=36;matmul=4096,1,34,h2d,0.004767360
three_stage,int4;blocks=36;matmul=4096,1,35,h2d,0.004591904
three_stage,int4;blocks=36;matmul=4096,1,0,compute,0.016355328
three_stage,int4;blocks=36;matmul=4096,1,1,compute,0.014786560
three_stage,int4;blocks=36;matmul=4096,1,2,compute,0.014239744
three_stage,int4;blocks=36;matmul=4096,1,3,compute,0.014817280
three_stage,int4;blocks=36;matmul=4096,1,4,compute,0.013938688
three_stage,int4;blocks=36;matmul=4096,1,5,compute,0.014012416
three_stage,int4;blocks=36;matmul=4096,1,6,compute,0.015913984
three_stage,int4;blocks=36;matmul=4096,1,7,compute,0.018050049
three_stage,int4;blocks=36;matmul=4096,1,8,compute,0.015988736
three_stage,int4;blocks=36;matmul=4096,1,9,compute,0.014491648
three_stage,int4;blocks=36;matmul=4096,1,10,compute,0.015762432
three_stage,int4;blocks=36;matmul=4096,1,11,compute,0.013965312
three_stage,int4;blocks=36;matmul=4096,1,12,compute,0.014367744
three_stage,int4;blocks=36;matmul=4096,1,13,compute,0.014930944
three_stage,int4;blocks=36;matmul=4096,1,14,compute,0.016650240
three_stage,int4;blocks=36;matmul=4096,1,15,compute,0.016072704
three_stage,int4;blocks=36;matmul=4096,1,16,compute,0.013953024
three_stage,int4;blocks=36;matmul=4096,1,17,compute,0.014178304
three_stage,int4;blocks=36;matmul=4096,1,18,compute,0.013465600
three_stage,int4;blocks=36;matmul=4096,1,19,compute,0.015681536
three_stage,int4;blocks=36;matmul=4096,1,20,compute,0.017647615
three_stage,int4;blocks=36;matmul=4096,1,21,compute,0.015588352
three_stage,int4;blocks=36;matmul=4096,1,22,compute,0.015138816
three_stage,int4;blocks=36;matmul=4096,1,23,compute,0.014244864
three_stage,int4;blocks=36;matmul=4096,1,24,compute,0.013416448
three_stage,int4;blocks=36;matmul=4096,1,25,compute,0.015169536
three_stage,int4;blocks=36;matmul=4096,1,26,compute,0.016163839
three_stage,int4;blocks=36;matmul=4096,1,27,compute,0.014705664
three_stage,int4;blocks=36;matmul=4096,1,28,compute,0.013640704
three_stage,int4;blocks=36;matmul=4096,1,29,compute,0.013418496
three_stage,int4;blocks=36;matmul=4096,1,30,compute,0.013501440
three_stage,int4;blocks=36;matmul=4096,1,31,compute,0.013788160
three_stage,int4;blocks=36;matmul=4096,1,32,compute,0.014587904
three_stage,int4;blocks=36;matmul=4096,1,33,compute,0.014108672
three_stage,int4;blocks=36;matmul=4096,1,34,compute,0.014488576
three_stage,int4;blocks=36;matmul=4096,1,35,compute,0.013244416
three_stage,int4;blocks=36;matmul=4096,2,0,read,0.149359700
three_stage,int4;blocks=36;matmul=4096,2,1,read,0.041855400
three_stage,int4;blocks=36;matmul=4096,2,2,read,0.161454300
three_stage,int4;blocks=36;matmul=4096,2,3,read,0.042408000
three_stage,int4;blocks=36;matmul=4096,2,4,read,0.070445500
three_stage,int4;blocks=36;matmul=4096,2,5,read,0.152683500
three_stage,int4;blocks=36;matmul=4096,2,6,read,0.041244700
three_stage,int4;blocks=36;matmul=4096,2,7,read,0.041781800
three_stage,int4;blocks=36;matmul=4096,2,8,read,0.040722500
three_stage,int4;blocks=36;matmul=4096,2,9,read,0.041160300
three_stage,int4;blocks=36;matmul=4096,2,10,read,0.041037800
three_stage,int4;blocks=36;matmul=4096,2,11,read,0.041850300
three_stage,int4;blocks=36;matmul=4096,2,12,read,0.042323700
three_stage,int4;blocks=36;matmul=4096,2,13,read,0.041344400
three_stage,int4;blocks=36;matmul=4096,2,14,read,0.041231100
three_stage,int4;blocks=36;matmul=4096,2,15,read,0.040565000
three_stage,int4;blocks=36;matmul=4096,2,16,read,0.042455700
three_stage,int4;blocks=36;matmul=4096,2,17,read,0.041358800
three_stage,int4;blocks=36;matmul=4096,2,18,read,0.040406400
three_stage,int4;blocks=36;matmul=4096,2,19,read,0.042489100
three_stage,int4;blocks=36;matmul=4096,2,20,read,0.041763900
three_stage,int4;blocks=36;matmul=4096,2,21,read,0.042618400
three_stage,int4;blocks=36;matmul=4096,2,22,read,0.042475200
three_stage,int4;blocks=36;matmul=4096,2,23,read,0.042583700
three_stage,int4;blocks=36;matmul=4096,2,24,read,0.040571500
three_stage,int4;blocks=36;matmul=4096,2,25,read,0.039308300
three_stage,int4;blocks=36;matmul=4096,2,26,read,0.040899200
three_stage,int4;blocks=36;matmul=4096,2,27,read,0.041876400
three_stage,int4;blocks=36;matmul=4096,2,28,read,0.040599100
three_stage,int4;blocks=36;matmul=4096,2,29,read,0.040936600
three_stage,int4;blocks=36;matmul=4096,2,30,read,0.041458400
three_stage,int4;blocks=36;matmul=4096,2,31,read,0.041282000
three_stage,int4;blocks=36;matmul=4096,2,32,read,0.040026400
three_stage,int4;blocks=36;matmul=4096,2,33,read,0.042458500
three_stage,int4;blocks=36;matmul=4096,2,34,read,0.042727100
three_stage,int4;blocks=36;matmul=4096,2,35,read,0.042536900
three_stage,int4;blocks=36;matmul=4096,2,0,stage_copy,0.006894900
three_stage,int4;blocks=36;matmul=4096,2,1,stage_copy,0.006682500
three_stage,int4;blocks=36;matmul=4096,2,2,stage_copy,0.007243400
three_stage,int4;blocks=36;matmul=4096,2,3,stage_copy,0.008062800
three_stage,int4;blocks=36;matmul=4096,2,4,stage_copy,0.006329400
three_stage,int4;blocks=36;matmul=4096,2,5,stage_copy,0.006429900
three_stage,int4;blocks=36;matmul=4096,2,6,stage_copy,0.006529600
three_stage,int4;blocks=36;matmul=4096,2,7,stage_copy,0.006544200
three_stage,int4;blocks=36;matmul=4096,2,8,stage_copy,0.006646100
three_stage,int4;blocks=36;matmul=4096,2,9,stage_copy,0.006635300
three_stage,int4;blocks=36;matmul=4096,2,10,stage_copy,0.006601100
three_stage,int4;blocks=36;matmul=4096,2,11,stage_copy,0.006572900
three_stage,int4;blocks=36;matmul=4096,2,12,stage_copy,0.006605200
three_stage,int4;blocks=36;matmul=4096,2,13,stage_copy,0.006820400
three_stage,int4;blocks=36;matmul=4096,2,14,stage_copy,0.006683800
three_stage,int4;blocks=36;matmul=4096,2,15,stage_copy,0.006110400
three_stage,int4;blocks=36;matmul=4096,2,16,stage_copy,0.006103700
three_stage,int4;blocks=36;matmul=4096,2,17,stage_copy,0.006163700
three_stage,int4;blocks=36;matmul=4096,2,18,stage_copy,0.006808300
three_stage,int4;blocks=36;matmul=4096,2,19,stage_copy,0.006569200
three_stage,int4;blocks=36;matmul=4096,2,20,stage_copy,0.006446700
three_stage,int4;blocks=36;matmul=4096,2,21,stage_copy,0.006645900
three_stage,int4;blocks=36;matmul=4096,2,22,stage_copy,0.006914200
three_stage,int4;blocks=36;matmul=4096,2,23,stage_copy,0.006667000
three_stage,int4;blocks=36;matmul=4096,2,24,stage_copy,0.007351100
three_stage,int4;blocks=36;matmul=4096,2,25,stage_copy,0.006419300
three_stage,int4;blocks=36;matmul=4096,2,26,stage_copy,0.006612700
three_stage,int4;blocks=36;matmul=4096,2,27,stage_copy,0.006714000
three_stage,int4;blocks=36;matmul=4096,2,28,stage_copy,0.006742500
three_stage,int4;blocks=36;matmul=4096,2,29,stage_copy,0.006592800
three_stage,int4;blocks=36;matmul=4096,2,30,stage_copy,0.006422100
three_stage,int4;blocks=36;matmul=4096,2,31,stage_copy,0.006153400
three_stage,int4;blocks=36;matmul=4096,2,32,stage_copy,0.006804800
three_stage,int4;blocks=36;matmul=4096,2,33,stage_copy,0.007133400
three_stage,int4;blocks=36;matmul=4096,2,34,stage_copy,0.006394100
three_stage,int4;blocks=36;matmul=4096,2,35,stage_copy,0.006512600
three_stage,int4;blocks=36;matmul=4096,2,0,h2d,0.004587424
three_stage,int4;blocks=36;matmul=4096,2,1,h2d,0.004641120
three_stage,int4;blocks=36;matmul=4096,2,2,h2d,0.005158656
three_stage,int4;blocks=36;matmul=4096,2,3,h2d,0.004688000
three_stage,int4;blocks=36;matmul=4096,2,4,h2d,0.004699296
three_stage,int4;blocks=36;matmul=4096,2,5,h2d,0.004632512
three_stage,int4;blocks=36;matmul=4096,2,6,h2d,0.004650656
three_stage,int4;blocks=36;matmul=4096,2,7,h2d,0.004624992
three_stage,int4;blocks=36;matmul=4096,2,8,h2d,0.004682944
three_stage,int4;blocks=36;matmul=4096,2,9,h2d,0.004628128
three_stage,int4;blocks=36;matmul=4096,2,10,h2d,0.004674368
three_stage,int4;blocks=36;matmul=4096,2,11,h2d,0.004698624
three_stage,int4;blocks=36;matmul=4096,2,12,h2d,0.004855072
three_stage,int4;blocks=36;matmul=4096,2,13,h2d,0.004642304
three_stage,int4;blocks=36;matmul=4096,2,14,h2d,0.004622624
three_stage,int4;blocks=36;matmul=4096,2,15,h2d,0.004677856
three_stage,int4;blocks=36;matmul=4096,2,16,h2d,0.004667456
three_stage,int4;blocks=36;matmul=4096,2,17,h2d,0.004607872
three_stage,int4;blocks=36;matmul=4096,2,18,h2d,0.004655104
three_stage,int4;blocks=36;matmul=4096,2,19,h2d,0.004694464
three_stage,int4;blocks=36;matmul=4096,2,20,h2d,0.004620224
three_stage,int4;blocks=36;matmul=4096,2,21,h2d,0.004644608
three_stage,int4;blocks=36;matmul=4096,2,22,h2d,0.004714496
three_stage,int4;blocks=36;matmul=4096,2,23,h2d,0.004627360
three_stage,int4;blocks=36;matmul=4096,2,24,h2d,0.004687840
three_stage,int4;blocks=36;matmul=4096,2,25,h2d,0.004749440
three_stage,int4;blocks=36;matmul=4096,2,26,h2d,0.004633248
three_stage,int4;blocks=36;matmul=4096,2,27,h2d,0.004697664
three_stage,int4;blocks=36;matmul=4096,2,28,h2d,0.004612320
three_stage,int4;blocks=36;matmul=4096,2,29,h2d,0.004607328
three_stage,int4;blocks=36;matmul=4096,2,30,h2d,0.004639904
three_stage,int4;blocks=36;matmul=4096,2,31,h2d,0.004714240
three_stage,int4;blocks=36;matmul=4096,2,32,h2d,0.004811040
three_stage,int4;blocks=36;matmul=4096,2,33,h2d,0.004742368
three_stage,int4;blocks=36;matmul=4096,2,34,h2d,0.004662688
three_stage,int4;blocks=36;matmul=4096,2,35,h2d,0.004716736
three_stage,int4;blocks=36;matmul=4096,2,0,compute,0.014214144
three_stage,int4;blocks=36;matmul=4096,2,1,compute,0.015920128
three_stage,int4;blocks=36;matmul=4096,2,2,compute,0.014637056
three_stage,int4;blocks=36;matmul=4096,2,3,compute,0.015728640
three_stage,int4;blocks=36;matmul=4096,2,4,compute,0.015869952
three_stage,int4;blocks=36;matmul=4096,2,5,compute,0.015900672
three_stage,int4;blocks=36;matmul=4096,2,6,compute,0.013852672
three_stage,int4;blocks=36;matmul=4096,2,7,compute,0.014536704
three_stage,int4;blocks=36;matmul=4096,2,8,compute,0.014000128
three_stage,int4;blocks=36;matmul=4096,2,9,compute,0.013514752
three_stage,int4;blocks=36;matmul=4096,2,10,compute,0.014533632
three_stage,int4;blocks=36;matmul=4096,2,11,compute,0.014493696
three_stage,int4;blocks=36;matmul=4096,2,12,compute,0.013769728
three_stage,int4;blocks=36;matmul=4096,2,13,compute,0.013173760
three_stage,int4;blocks=36;matmul=4096,2,14,compute,0.014811136
three_stage,int4;blocks=36;matmul=4096,2,15,compute,0.013793280
three_stage,int4;blocks=36;matmul=4096,2,16,compute,0.013639680
three_stage,int4;blocks=36;matmul=4096,2,17,compute,0.014751744
three_stage,int4;blocks=36;matmul=4096,2,18,compute,0.016168961
three_stage,int4;blocks=36;matmul=4096,2,19,compute,0.014657536
three_stage,int4;blocks=36;matmul=4096,2,20,compute,0.013409280
three_stage,int4;blocks=36;matmul=4096,2,21,compute,0.013415424
three_stage,int4;blocks=36;matmul=4096,2,22,compute,0.014879744
three_stage,int4;blocks=36;matmul=4096,2,23,compute,0.015638528
three_stage,int4;blocks=36;matmul=4096,2,24,compute,0.014761984
three_stage,int4;blocks=36;matmul=4096,2,25,compute,0.013747200
three_stage,int4;blocks=36;matmul=4096,2,26,compute,0.014323712
three_stage,int4;blocks=36;matmul=4096,2,27,compute,0.013271040
three_stage,int4;blocks=36;matmul=4096,2,28,compute,0.013306880
three_stage,int4;blocks=36;matmul=4096,2,29,compute,0.013116416
three_stage,int4;blocks=36;matmul=4096,2,30,compute,0.016121857
three_stage,int4;blocks=36;matmul=4096,2,31,compute,0.014544896
three_stage,int4;blocks=36;matmul=4096,2,32,compute,0.013889536
three_stage,int4;blocks=36;matmul=4096,2,33,compute,0.015473664
three_stage,int4;blocks=36;matmul=4096,2,34,compute,0.015012864
three_stage,int4;blocks=36;matmul=4096,2,35,compute,0.014654464
three_stage,int4;blocks=36;matmul=4096,3,0,read,0.155095900
three_stage,int4;blocks=36;matmul=4096,3,1,read,0.041532200
three_stage,int4;blocks=36;matmul=4096,3,2,read,0.161694400
three_stage,int4;blocks=36;matmul=4096,3,3,read,0.039797500
three_stage,int4;blocks=36;matmul=4096,3,4,read,0.068592400
three_stage,int4;blocks=36;matmul=4096,3,5,read,0.141732700
three_stage,int4;blocks=36;matmul=4096,3,6,read,0.040809900
three_stage,int4;blocks=36;matmul=4096,3,7,read,0.042992300
three_stage,int4;blocks=36;matmul=4096,3,8,read,0.041386100
three_stage,int4;blocks=36;matmul=4096,3,9,read,0.042396300
three_stage,int4;blocks=36;matmul=4096,3,10,read,0.041182100
three_stage,int4;blocks=36;matmul=4096,3,11,read,0.042078900
three_stage,int4;blocks=36;matmul=4096,3,12,read,0.041830300
three_stage,int4;blocks=36;matmul=4096,3,13,read,0.041111500
three_stage,int4;blocks=36;matmul=4096,3,14,read,0.040654000
three_stage,int4;blocks=36;matmul=4096,3,15,read,0.041007600
three_stage,int4;blocks=36;matmul=4096,3,16,read,0.041076900
three_stage,int4;blocks=36;matmul=4096,3,17,read,0.043332800
three_stage,int4;blocks=36;matmul=4096,3,18,read,0.041366400
three_stage,int4;blocks=36;matmul=4096,3,19,read,0.042172200
three_stage,int4;blocks=36;matmul=4096,3,20,read,0.042858700
three_stage,int4;blocks=36;matmul=4096,3,21,read,0.042209800
three_stage,int4;blocks=36;matmul=4096,3,22,read,0.042603000
three_stage,int4;blocks=36;matmul=4096,3,23,read,0.041954400
three_stage,int4;blocks=36;matmul=4096,3,24,read,0.041466600
three_stage,int4;blocks=36;matmul=4096,3,25,read,0.040903400
three_stage,int4;blocks=36;matmul=4096,3,26,read,0.043447600
three_stage,int4;blocks=36;matmul=4096,3,27,read,0.039414600
three_stage,int4;blocks=36;matmul=4096,3,28,read,0.041263500
three_stage,int4;blocks=36;matmul=4096,3,29,read,0.040489400
three_stage,int4;blocks=36;matmul=4096,3,30,read,0.039693700
three_stage,int4;blocks=36;matmul=4096,3,31,read,0.040762000
three_stage,int4;blocks=36;matmul=4096,3,32,read,0.038753400
three_stage,int4;blocks=36;matmul=4096,3,33,read,0.041756100
three_stage,int4;blocks=36;matmul=4096,3,34,read,0.042652000
three_stage,int4;blocks=36;matmul=4096,3,35,read,0.041648200
three_stage,int4;blocks=36;matmul=4096,3,0,stage_copy,0.006199900
three_stage,int4;blocks=36;matmul=4096,3,1,stage_copy,0.006612000
three_stage,int4;blocks=36;matmul=4096,3,2,stage_copy,0.006459100
three_stage,int4;blocks=36;matmul=4096,3,3,stage_copy,0.007273800
three_stage,int4;blocks=36;matmul=4096,3,4,stage_copy,0.006951400
three_stage,int4;blocks=36;matmul=4096,3,5,stage_copy,0.006438600
three_stage,int4;blocks=36;matmul=4096,3,6,stage_copy,0.006303000
three_stage,int4;blocks=36;matmul=4096,3,7,stage_copy,0.006295000
three_stage,int4;blocks=36;matmul=4096,3,8,stage_copy,0.006370200
three_stage,int4;blocks=36;matmul=4096,3,9,stage_copy,0.006274000
three_stage,int4;blocks=36;matmul=4096,3,10,stage_copy,0.006594800
three_stage,int4;blocks=36;matmul=4096,3,11,stage_copy,0.006615500
three_stage,int4;blocks=36;matmul=4096,3,12,stage_copy,0.006700400
three_stage,int4;blocks=36;matmul=4096,3,13,stage_copy,0.006996900
three_stage,int4;blocks=36;matmul=4096,3,14,stage_copy,0.006835800
three_stage,int4;blocks=36;matmul=4096,3,15,stage_copy,0.006543000
three_stage,int4;blocks=36;matmul=4096,3,16,stage_copy,0.006654000
three_stage,int4;blocks=36;matmul=4096,3,17,stage_copy,0.006073600
three_stage,int4;blocks=36;matmul=4096,3,18,stage_copy,0.006141900
three_stage,int4;blocks=36;matmul=4096,3,19,stage_copy,0.006398400
three_stage,int4;blocks=36;matmul=4096,3,20,stage_copy,0.006505200
three_stage,int4;blocks=36;matmul=4096,3,21,stage_copy,0.006279600
three_stage,int4;blocks=36;matmul=4096,3,22,stage_copy,0.006714700
three_stage,int4;blocks=36;matmul=4096,3,23,stage_copy,0.007464800
three_stage,int4;blocks=36;matmul=4096,3,24,stage_copy,0.007375400
three_stage,int4;blocks=36;matmul=4096,3,25,stage_copy,0.006854400
three_stage,int4;blocks=36;matmul=4096,3,26,stage_copy,0.007597300
three_stage,int4;blocks=36;matmul=4096,3,27,stage_copy,0.006866800
three_stage,int4;blocks=36;matmul=4096,3,28,stage_copy,0.007009000
three_stage,int4;blocks=36;matmul=4096,3,29,stage_copy,0.006878300
three_stage,int4;blocks=36;matmul=4096,3,30,stage_copy,0.007000100
three_stage,int4;blocks=36;matmul=4096,3,31,stage_copy,0.006908700
three_stage,int4;blocks=36;matmul=4096,3,32,stage_copy,0.007010200
three_stage,int4;blocks=36;matmul=4096,3,33,stage_copy,0.007014500
three_stage,int4;blocks=36;matmul=4096,3,34,stage_copy,0.006635800
three_stage,int4;blocks=36;matmul=4096,3,35,stage_copy,0.006569000
three_stage,int4;blocks=36;matmul=4096,3,0,h2d,0.004635488
three_stage,int4;blocks=36;matmul=4096,3,1,h2d,0.004649088
three_stage,int4;blocks=36;matmul=4096,3,2,h2d,0.004592352
three_stage,int4;blocks=36;matmul=4096,3,3,h2d,0.004696832
three_stage,int4;blocks=36;matmul=4096,3,4,h2d,0.004635072
three_stage,int4;blocks=36;matmul=4096,3,5,h2d,0.004738304
three_stage,int4;blocks=36;matmul=4096,3,6,h2d,0.004863584
three_stage,int4;blocks=36;matmul=4096,3,7,h2d,0.004723712
three_stage,int4;blocks=36;matmul=4096,3,8,h2d,0.004927392
three_stage,int4;blocks=36;matmul=4096,3,9,h2d,0.004840896
three_stage,int4;blocks=36;matmul=4096,3,10,h2d,0.004913376
three_stage,int4;blocks=36;matmul=4096,3,11,h2d,0.004860000
three_stage,int4;blocks=36;matmul=4096,3,12,h2d,0.004764224
three_stage,int4;blocks=36;matmul=4096,3,13,h2d,0.004731360
three_stage,int4;blocks=36;matmul=4096,3,14,h2d,0.004730688
three_stage,int4;blocks=36;matmul=4096,3,15,h2d,0.004703008
three_stage,int4;blocks=36;matmul=4096,3,16,h2d,0.004670080
three_stage,int4;blocks=36;matmul=4096,3,17,h2d,0.004736960
three_stage,int4;blocks=36;matmul=4096,3,18,h2d,0.004721120
three_stage,int4;blocks=36;matmul=4096,3,19,h2d,0.004688736
three_stage,int4;blocks=36;matmul=4096,3,20,h2d,0.004860832
three_stage,int4;blocks=36;matmul=4096,3,21,h2d,0.004747680
three_stage,int4;blocks=36;matmul=4096,3,22,h2d,0.004753248
three_stage,int4;blocks=36;matmul=4096,3,23,h2d,0.004848032
three_stage,int4;blocks=36;matmul=4096,3,24,h2d,0.005066528
three_stage,int4;blocks=36;matmul=4096,3,25,h2d,0.004813024
three_stage,int4;blocks=36;matmul=4096,3,26,h2d,0.004721280
three_stage,int4;blocks=36;matmul=4096,3,27,h2d,0.004786528
three_stage,int4;blocks=36;matmul=4096,3,28,h2d,0.004802176
three_stage,int4;blocks=36;matmul=4096,3,29,h2d,0.004710560
three_stage,int4;blocks=36;matmul=4096,3,30,h2d,0.004565888
three_stage,int4;blocks=36;matmul=4096,3,31,h2d,0.004604832
three_stage,int4;blocks=36;matmul=4096,3,32,h2d,0.004883744
three_stage,int4;blocks=36;matmul=4096,3,33,h2d,0.004655136
three_stage,int4;blocks=36;matmul=4096,3,34,h2d,0.004636160
three_stage,int4;blocks=36;matmul=4096,3,35,h2d,0.004602848
three_stage,int4;blocks=36;matmul=4096,3,0,compute,0.015505408
three_stage,int4;blocks=36;matmul=4096,3,1,compute,0.014039040
three_stage,int4;blocks=36;matmul=4096,3,2,compute,0.013387776
three_stage,int4;blocks=36;matmul=4096,3,3,compute,0.013669376
three_stage,int4;blocks=36;matmul=4096,3,4,compute,0.015923200
three_stage,int4;blocks=36;matmul=4096,3,5,compute,0.016962561
three_stage,int4;blocks=36;matmul=4096,3,6,compute,0.015948800
three_stage,int4;blocks=36;matmul=4096,3,7,compute,0.015204352
three_stage,int4;blocks=36;matmul=4096,3,8,compute,0.015214592
three_stage,int4;blocks=36;matmul=4096,3,9,compute,0.014554112
three_stage,int4;blocks=36;matmul=4096,3,10,compute,0.017255424
three_stage,int4;blocks=36;matmul=4096,3,11,compute,0.016631807
three_stage,int4;blocks=36;matmul=4096,3,12,compute,0.014992384
three_stage,int4;blocks=36;matmul=4096,3,13,compute,0.014142464
three_stage,int4;blocks=36;matmul=4096,3,14,compute,0.014129152
three_stage,int4;blocks=36;matmul=4096,3,15,compute,0.014043136
three_stage,int4;blocks=36;matmul=4096,3,16,compute,0.015647744
three_stage,int4;blocks=36;matmul=4096,3,17,compute,0.015686656
three_stage,int4;blocks=36;matmul=4096,3,18,compute,0.014794752
three_stage,int4;blocks=36;matmul=4096,3,19,compute,0.015254528
three_stage,int4;blocks=36;matmul=4096,3,20,compute,0.014998528
three_stage,int4;blocks=36;matmul=4096,3,21,compute,0.015465472
three_stage,int4;blocks=36;matmul=4096,3,22,compute,0.017401855
three_stage,int4;blocks=36;matmul=4096,3,23,compute,0.018168833
three_stage,int4;blocks=36;matmul=4096,3,24,compute,0.015315968
three_stage,int4;blocks=36;matmul=4096,3,25,compute,0.014718976
three_stage,int4;blocks=36;matmul=4096,3,26,compute,0.014403584
three_stage,int4;blocks=36;matmul=4096,3,27,compute,0.014081024
three_stage,int4;blocks=36;matmul=4096,3,28,compute,0.014964736
three_stage,int4;blocks=36;matmul=4096,3,29,compute,0.015635456
three_stage,int4;blocks=36;matmul=4096,3,30,compute,0.015031296
three_stage,int4;blocks=36;matmul=4096,3,31,compute,0.014520320
three_stage,int4;blocks=36;matmul=4096,3,32,compute,0.013710336
three_stage,int4;blocks=36;matmul=4096,3,33,compute,0.013415424
three_stage,int4;blocks=36;matmul=4096,3,34,compute,0.013364224
three_stage,int4;blocks=36;matmul=4096,3,35,compute,0.014291968
